ID,cauhoi,dapan1,dapan2,dapan3,dapan4,dapandung,trichdan
1,Quỹ khen thưởng Agribank được sử dụng trong những trường hợp nào sau đây?,"Thưởng cuối năm hoặc thưởng thường kỳ cho cán bộ, nhân viên Agribank","Thưởng cho cá nhân và đơn vị ngoài Agribank có quan hệ kinh tế đã hoàn thành tốt những điều kiện hợp đồng, đóng góp có hiệu quả vào hoạt động kinh doanh của Agribank","Thưởng đột xuất cho những cá nhân, tập thể có sáng kiến cải tiến kỹ thuật, quy trình nghiệp vụ mang lại hiệu quả kinh doanh",Tất cả đáp án trên,4,Khoản 5 Điều 23 Quyết định 341/QĐ-NHNN ngày 06/3/2024
2,Quỹ phúc lợi Agribank được sử dụng trong những trường hợp nào sau đây?,"Đầu tư xây dựng hoặc sửa chữa, bổ sung vốn xây dựng các công trình phúc lợi của Agribank","Chi cho các hoạt động thể thao, văn hóa, phúc lợi công cộng của tập thể cán bộ, nhân viên Agribank","Chi trợ cấp khó khăn thường xuyên, đột xuất cho cán bộ, nhân viên kể cả các cán bộ, nhân viên đã về hưu, mất sức của Agribank hoặc làm công tác từ thiện xã hội",Tất cả đáp án trên,4,Khoản 6 Điều 23 Quyết định 341/QĐ-NHNN ngày 06/3/2024
3,"Trường hợp Agribank được xếp loại A thì số tiền được phân phối vào hai quỹ khen thưởng, phúc lợi là bao nhiêu? ",4 tháng lương thực hiện,5 tháng lương thực hiện,3 tháng lương thực hiện,2 tháng lương thực hiện,3,điểm c khoản 2 Điều 22 Quyết định 341/QĐ-NHNN ngày 06/3/2024
4,Việc quản lý và sử dụng Quỹ khen thưởng Agribank được quy định tại Văn bản nào?,VB 909/QC-HĐTV-TCKT ngày 31/12/2021,1258/QĐ-HĐTV-TCKT ngày 30/11/2018,242/QĐ-HĐTV-TCKT ngày 17/4/2019,109/QĐ-HĐTV-TĐKT ngày 20/2/2019,3,
5,Việc quản lý và sử dụng Quỹ phúc lợi Agribank được quy định tại Văn bản nào?,VB 909/QC-HĐTV-TCKT ngày 31/12/2021,1258/QĐ-HĐTV-TCKT ngày 30/11/2018,242/QĐ-HĐTV-TCKT ngày 17/4/2019,109/QĐ-HĐTV-TĐKT ngày 20/2/2019,1,
6,Nội dung nào không đúng trong quy định về sử dụng quỹ phúc lợi?,"Chi trợ cấp khó khăn thường xuyên, đột xuất cho người lao động, kể cả người lao động đã về hưu, nghỉ mất sức",Chi cho cá nhân đơn vị ngoài có đóng góp vào hoạt động của Agribank,Chi cho hoạt động từ thiện xã hội,Chi hỗ trợ cho hoạt động đội hưu trí Agribank,2,Điều 6 Quyết định số 909/QC-HĐTV-TCKT ngày 31/12/2021
7,Agribank hạch toán khoản lãi phải thu từ hoạt động cấp tín dụng đối với:,Khoản nợ được phân loại là nợ đủ tiêu chuẩn không phải trích dự phòng rủi ro cụ thể theo quy định của Ngân hàng Nhà nước,"Khoản nợ đã chuyển nợ quá hạn, nợ xấu",Khoản nợ đã xử lý rủi ro,Khoản nợ được giữ nguyên nhóm nợ đủ tiêu chuẩn do thực hiện chính sách của Nhà nước ,1,Khoản 2 Điều 17 Quyết định 341/QĐ-NHNN ngày 06/3/2024
8,"Thẩm quyền của Tổng Giám đốc về quyết định dự án đầu tư xây dựng hoặc sửa chữa các công trình văn hóa, thể thao phục vụ người lao động tại các đơn vị thuộc Agribank có giá trị đến: ",Dưới 500 triệu đồng,Dưới 1 tỷ đồng,Dưới 2 tỷ đồng,Dưới 5 tỷ đồng,3,Khoản 2 Điều 7 Quyết định số 909/QC-HĐTV-TCKT ngày 31/12/2021
9,"Chứng từ kế toán áp dụng trong hệ thống Agribank được phân loại theo tính chất pháp lý, bao gồm:

","Chứng từ gốc, chứng từ ghi sổ, chứng từ gốc kiêm chứng từ ghi sổ, chứng từ tiền mặt, chứng từ chuyển khoản.","Chứng từ chuyển khoản, chứng từ tiền mặt, chứng từ khác.","Chứng từ do khách hàng lập, chứng từ nội bộ của ngân hàng, chứng từ tiền mặt, chuyển khoản.","Chứng từ gốc, chứng từ ghi sổ, chứng từ gốc kiêm chứng từ ghi sổ.",4,"Khoản 1 Điều 3, Quyết định 1000/QĐ-HĐQT-TCKT ngày 05/7/2011"
10,Mẫu chứng từ kế toán do Agribank ban hành gồm:,"Mẫu chứng từ kế toán bắt buộc in sẵn, mẫu chứng từ kế toán bắt buộc in từ hệ thống IPCAS và mẫu chứng từ kế toán hướng dẫn.","Mẫu chứng kế toán bắt buộc in sẵn, mẫu chứng từ kế toán hướng dẫn và mẫu chứng từ in từ website Agribank.","Mẫu chứng từ kế toán bắt buộc in từ hệ thống IPCAS, mẫu chứng từ kế toán hướng dẫn và mẫu chứng từ in từ website Agribank.","Mẫu chứng từ kế toán bắt buộc in sẵn, mẫu chứng từ bắt buộc in từ hệ thống IPCAS và mẫu chứng từ in từ website Agribank.",1,"Điều 2, Quyết định 599/QĐ-NHNo-TCKT ngày 19/4/2017"
11,"Theo Văn bản số 10789/NHNo-TCKT, các khoản chi phí sửa chữa công trình xây dựng:",Được tính để ghi tăng nguyên giá tài sản ,Được hạch toán vào chi phí kinh doanh của đơn vị,Tùy từng trường hợp,,2,Khoản 2 Mục II Văn bản số 10789/NHNo-TCKT ngày 30/10/2018
12,"Trường hợp công trình có chi phí sửa chữa lớn, đơn vị không đủ khả năng tài chính để thanh toán trong kỳ thì giám đốc đơn vị xem xét quyết định phân bổ dần vào chi phí kinh doanh tối đa trong thời gian bao nhiêu?",01 năm,02 năm,03 năm,04 năm,3,Điểm 2.3 phần II văn bản 10789/NHNo-TCKT ngày 30/10/2018 
13,Tài sản cố định hữu hình phải thỏa mãn các tiêu chuẩn nào sau đây?,Chắc chắn thu được lợi ích kinh tế trong tương lai từ việc sử dụng tài sản đó.,Có thời gian sử dụng trên 01  năm trở lên.,Nguyên giá tài sản phải được xác định một cách tin cậy và có giá trị từ 30 triệu đồng trở lên.,Tất cả đáp án trên.,4,Khoản 1 Mục I Phần 2 Văn bản số 4389/NHNo-TCKT ngày 21/6/2013
14,Các loại tài sản cố định  nào sau đây không phải trích khấu hao?,TSCĐ thuê hoạt động.,"TSCĐ sử dụng trong các hoạt động phúc lợi phục vụ người lao động của đơn vị nhưng không tham gia hoạt động kinh doanh, dịch vụ.",Quyền sử dụng đất lâu dài có thu tiền sử dụng đất.,Tất cả đáp án trên.,4,Khoản 1 Mục II Phần 2 Văn bản số 4389/NHNo-TCKT ngày 21/6/2013
15,Agribank đang áp dụng phương pháp trích khấu hao tài sản cố định nào sau đây?,Phương pháp khấu hao đường thẳng.,Phương pháp khấu hao theo số dư giảm dần có điều chỉnh.,Đáp án 1 và 2 đều đúng.,Đáp án 1 và 2 đều sai,1,Khoản 3 Mục II Phần 2 Văn bản số 4389/NHNo-TCKT ngày 21/6/2013
16,Đơn vị cung ứng dịch vụ không hoàn trả lại khoản phí dịch vụ đã thu trong trường hợp nào?,"Khách hàng yêu cầu hủy bỏ dịch vụ hoặc dịch vụ không thực hiện được vì sai sót, sự cố không phải do lỗi của Agribank gây ra",Dịch vụ không thực hiện được do lỗi của bên thứ ba,Dịch vụ không thực hiện được do lỗi của Agribank,Khách hàng hủy bỏ dịch vụ,1,Khoản 2 Điều 6 Quy chế số 369/QC-HĐTV-TCKT ngày 19/6/2023
17,Nguyên tắc khai thuế đối với người nộp thuế trong hồ sơ khai thuế theo quy định phải:,Chính xác,Trung thực ,Đầy đủ,Tất cả đáp án trên,4,Điểm 2.1 khoản 2 văn bản số 11099/HD-NHNo-TCKT ngày 09/12/2021
18,Thời hạn nộp hồ sơ khai thuế theo tháng là ngày thứ bao nhiêu của tháng tiếp theo tháng phát sinh nghĩa vụ thuế?,Ngày 10,Trước ngày 20,Chậm nhất ngày thứ 20,Ngày 30,3,"Tiết a, điểm 2.3 khoản 2 văn bản số 11099/HD-NHNo-TCKT ngày 09/12/2021"
19,"Khi phát hiện hồ sơ khai thuế đã nộp cho cơ quan thuế có sai sót, người nộp thuế được khai bổ sung hồ sơ khai thuế trong thời hạn bao nhiêu năm kể từ ngày hết thời hạn nộp hồ sơ khai thuế của kỳ thuế có sai, sót nhưng trước khi cơ quan thuế, cơ quan có thẩm quyền công bố quyết định thanh tra, kiểm tra?",20 năm,10 năm,5 năm,2 năm,2,"Tiết a, điểm 2.5 khoản 2 văn bản số 11099/HD-NHNo-TCKT ngày 09/12/2021"
20,Trường hợp người nộp thuế tính thuế thì thời hạn nộp thuế là ngày nào?,Ngày cuối cùng của thời hạn nộp hồ sơ khai thuế,Ngày 10,Ngày 15,Trước ngày 20,1,"Tiết a, điểm 3.1 khoản 3 văn bản số 11099/HD-NHNo-TCKT ngày 09/12/2021"
21,"Người nộp thuế thuộc diện khai thuế giá trị gia tăng theo quý khi có tổng doanh thu bán hàng hóa và cung cấp dịch vụ của năm trước liền kề là bao nhiêu? (Tổng doanh thu gồm: Doanh thu chịu thuế, doanh thu không chịu thuế, doanh thu không phải kê khai nộp thuế giá trị gia tăng)",Dưới 20 tỷ đồng,Dưới 50 tỷ đồng,Từ 50 tỷ đồng trở xuống,Từ 100 tỷ đồng trở xuống,3,"Tiết a, điểm 4.2 khoản 4 văn bản số 11099/HD-NHNo-TCKT ngày 09/12/2021"
22,Người nộp thuế được lựa chọn khai thuế thu nhập cá nhân theo quý khi nào?,Khi đơn vị khai thuế giá trị gia tăng theo quý,Số thuế phải nộp dưới 50 triệu đồng,Số thuế phải nộp dưới 100 triệu đồng,Số thuế phải nộp dưới 200 triệu đồng,1,"Tiết b, điểm 4.2 khoản 4 văn bản số 11099/HD-NHNo-TCKT ngày 09/12/2021"
23,Mức tính tiền chậm nộp tiền thuế theo quy định hiện hành là bao nhiêu?,"0,03%/ngày tính trên số tiền thuế chậm nộp","0,05%/ngày tính trên số tiền thuế chậm nộp","0,07%/ngày tính trên số tiền thuế chậm nộp","0,09%/ngày tính trên số tiền thuế chậm nộp",1,"Tiết b, điểm 3.5 khoản 3 văn bản số 11099/HD-NHNo-TCKT ngày 09/12/2021"
24,Thời hiệu xử phạt hành vi vi phạm thủ tục thuế là bao lâu kể từ ngày thực hiện hành vi vi phạm?,1 năm,2 năm,5 năm,10 năm,2,"Tiết a, điểm 6.2 khoản 6 văn bản số 11099/HD-NHNo-TCKT ngày 09/12/2021"
25,Hành vi nào sau đây không thuộc hành vi vi phạm thủ tục về thuế?,Vi phạm thời hạn đăng ký thuế,Vi phạm thời hạn nộp hồ sơ khai thuế,Chậm nộp tiền thuế,Vi phạm quy định về chấp hành quyết định kiểm tra thuế,3,"Tiết a, điểm 6.4 khoản 6 văn bản số 11099/HD-NHNo-TCKT ngày 09/12/2021"
26,Hình thức hóa đơn điện tử áp dụng tại Agribank hiện nay?,Có mã của cơ quan thuế,Không có mã của cơ quan thuế,Đáp án 1 và 2 đều sai,Đáp án 1 và 2 đều đúng,2,Tiết a điểm 6.2 khoản 6 văn bản số 5626/HD-NHNo-TCKT ngày 23/6/2022
27,Hàng hóa thực hiện khuyến mại không theo đúng quy định của pháp luật về thương mại phải thực hiện:,"Kê khai, nộp thuế giá trị gia tăng đầu ra theo quy định","Không phải kê khai, nộp thuế giá trị gia tăng đầu ra theo quy định",Đáp án 1 và 2 đều đúng,Đáp án 1 và 2 đều sai,1,"Tiết a, điểm 2.2, khoản 2 văn bản số 7992/NHNo-TCKT ngày 18/9/2019"
28,Các khoản thu nhập nào sau đây thuộc đối tượng chịu thuế thu nhập cá nhân?,"Tiền lương, tiền công","Các khoản có tính chất tiền lương, tiền công",Tiền lương làm thêm giờ theo mức ngày công ngày lương làm việc bình thường,Tất cả đáp án trên đều đúng,4,"Khoản 6.1, Mục IV văn bản số 69/NHNo-TCKT ngày 06/01/2020"
29,Thu nhập được miễn thuế thu nhập cá nhân gồm:,Thu nhập từ Lãi tiền gửi tại các tổ chức tín dụng,Tiền lương hưu do Quỹ Bảo hiểm xã hội trả theo quy định,Tiền bồi thường tai nạn lao động,Tất cả đáp án trên đều đúng,4,"Khoản 6.3, Mục IV văn bản số 69/NHNo-TCKT ngày 06/01/2020"
30,Người trong độ tuổi lao động được xác định là người phụ thuộc của người nộp thuế thu nhập cá nhân thỏa mãn điều kiện nào?,Bị khuyết tật,Không có khả năng lao động,Thu nhập bình quân tháng trong năm không vượt quá 1 triệu đồng,Tất cả đáp án trên,4,"Khoản 6.6, Mục IV văn bản số 69/NHNo-TCKT ngày 06/01/2020"
31,Thuế suất thuế thu nhập cá nhân từ trúng thưởng là bao nhiêu?,0%,5%,10%,15%,3,"Khoản 8, Mục IV văn bản số 69/NHNo-TCKT ngày 06/01/2020"
32,Mức giảm trừ gia cảnh khi tính thuế thu nhập cá nhân cho bản thân người nộp thuế là bao nhiêu?,9.000.000 đồng/tháng,10.000.000 đồng/tháng,11.000.000 đồng/tháng,12.000.000 đồng/tháng,3,Khoản 2 văn bản số 2599/NHNo-TCKT ngày 22/3/2021
33,Mức giảm trừ gia cảnh khi tính thuế thu nhập cá nhân đối với mỗi người phụ thuộc là:,3.600.000 đồng/tháng,4.000.000 đồng/tháng,4.400.000 đồng/tháng,4.800.000 đồng/tháng,3,Khoản 2 văn bản số 2599/NHNo-TCKT ngày 22/3/2021
34,Trường hợp nào sau đây cá nhân không được ủy quyền quyết toán thuế thu nhập cá nhân cho đơn vị chi trả thu nhập?,Ký hợp đồng lao động dưới 3 tháng,Không làm việc tại đơn vị vào thời điểm ủy quyền quyết toán,Đáp án 1 và 2 đều đúng,Đáp án 1 và 2 đều sai,3,Khoản 3 văn bản số 2599/NHNo-TCKT ngày 22/3/2021
35,Đối tượng nào không phải quyết toán thuế thu nhập cá nhân?,Có số thuế phải nộp thêm sau khi quyết toán trên 50.000 đồng,Có số thuế phải nộp thêm sau khi quyết toán từ 50.000 đồng trở xuống,Có số thuế phải nộp nhỏ hơn số thuế tạm nộp mà không có nhu cầu hoàn thuế hoặc bù trừ vào kỳ sau,Đáp án 2 và 3 đều đúng,4,"Điểm 3.3, khoản 3 văn bản số 2599/NHNo-TCKT ngày 22/3/2021"
36,"Việc sửa đổi, bổ sung hệ thống tài khoản kế toán Agribank do đơn vị nào thực hiện?",Trụ sở chính Agribank,Chi nhánh loại I,Chi nhánh loại II,,1,"Mục I, Quyết định 479/QĐ/NHNo-TCKT ngày 21/5/2014"
37,"Để phản ánh những khoản thanh toán bù trừ giữa các ngân hàng, Agribank sử dụng loại tài khoản nào?",Tài khoản loại 1: vốn khả dụng và các khoản đầu tư.,Tài khoản loại 4: các khoản phải trả.,Tài khoản loại 5: hoạt động thanh toán,Tài khoản loại 8: chi phí,3,"Mục III, Quyết định 479/QĐ/NHNo-TCKT ngày 21/5/2014"
38,"Để phản ánh tiền không có giá trị lưu hành, Agribank sử dụng loại tài khoản nào?",Tài khoản loại 1: vốn khả dụng và các khoản đầu tư.,Tài khoản loại 3: Tài sản cố định và tài sản có khác,Tài khoản loại 8: chi phí.,Tài khoản loại 9: các tài khoản ngoài bảng cân đối kế toán.,4,"Mục III, Quyết định 479/QĐ/NHNo-TCKT ngày 21/5/2014"
39,Tài khoản loại 5 (hoạt động thanh toán) dùng để phản ánh:,"Mọi khoản nợ phát sinh trong quá trình hoạt động mà Agribank phải trả, phải thanh toán cho các chủ nợ.","Các nghiệp vụ thanh toán phát sinh trong hoạt động ngân hàng, những khoản thanh toán bù trừ giữa các ngân hàng và các khoản thanh toán khác.","Tình hình biến động của số vốn khả dụng, các khoản đầu tư của Agribank.",Các khoản chi phí của Agribank.,2,"Mục III, Quyết định 479/QĐ/NHNo-TCKT ngày 21/5/2014"
40,Tài khoản loại 4 (các khoản phải trả) dùng để phản ánh:,Tình hình hoạt động tín dụng dưới các hình thức khác nhau theo quy định của Luật các Tổ chức tín dụng.,"Mọi khoản nợ phát sinh trong quá trình hoạt động mà Agribank phải trả, phải thanh toán cho các chủ nợ.","Các loại nguồn vốn, các quỹ dự trữ, dự phòng rủi ro ... và kết quả kinh doanh của Agribank.",Các khoản chi phí của Agribank.,2,"Mục III, Quyết định 479/QĐ/NHNo-TCKT ngày 21/5/2014"
41,Tài khoản loại 2 (hoạt động tín dụng) dùng để phản ánh:,"Số hiện có cũng như tình hình biến động của số vốn khả dụng, các khoản đầu tư của Agribank.","Mọi khoản nợ phát sinh trong quá trình hoạt động mà Agribank phải trả, phải thanh toán cho các chủ nợ.",Tình hình hoạt động tín dụng dưới các hình thức khác nhau theo quy định của Luật các Tổ chức tín dụng.,"Các nghiệp vụ thanh toán phát sinh trong hoạt động ngân hàng, những khoản thanh toán bù trừ giữa các ngân hàng và các khoản thanh toán khác.",3,"Mục III, Quyết định 479/QĐ/NHNo-TCKT ngày 21/5/2014"
42,Tài khoản loại 6 (nguồn vốn chủ sở hữu) dùng để phản ánh:,"Số hiện có cũng như tình hình biến động của số vốn khả dụng, các khoản đầu tư của Agribank.",Các khoản thu nhập của Agribank bao gồm: thu nhập hoạt động.,Các khoản chi phí của Agribank.,"Các loại nguồn vốn, các quỹ dự trữ, dự phòng rủi ro ... và kết quả kinh doanh của Agribank.",4,"Mục III, Quyết định 479/QĐ/NHNo-TCKT ngày 21/5/2014"
43,Tài khoản loại 7 (thu nhập) dùng để phản ánh:,"Các khoản thu nhập của Agribank bao gồm: thu nhập hoạt động tín dụng, kinh doanh, dịch vụ ngân hàng và thu nhập bất thường.","Số hiện có cũng như tình hình biến động của số vốn khả dụng, các khoản đầu tư của Agribank.","Các loại nguồn vốn, các quỹ dự trữ, dự phòng rủi ro ... và kết quả kinh doanh của Agribank.",,1,"Mục III, Quyết định 479/QĐ/NHNo-TCKT ngày 21/5/2014"
44,Tài khoản loại 3 (tài sản cố định và tài sản có khác) phản ánh:,"Số hiện có cũng như tình hình biến động của số vốn khả dụng, các khoản đầu tư của Agribank.","Mọi khoản nợ phát sinh trong quá trình hoạt động mà Agribank phải trả, phải thanh toán cho các chủ nợ.","Giá trị hiện có, tình hình biến động các loại tài sản cố định hữu hình, tài sản cố định vô hình theo chỉ tiêu nguyên giá và giá trị đã hao mòn, tài sản Có khác, tình hình thanh toán các khoản phải thu và việc thực hiện công tác đầu tư xây dựng cơ bản đang diễn ra tại Agribank.","Các loại nguồn vốn, các quỹ dự trữ, dự phòng rủi ro ... và kết quả kinh doanh của Agribank.",3,"Mục III, Quyết định 479/QĐ/NHNo-TCKT ngày 21/5/2014"
45,"Loại tài khoản nào dùng để phản ánh những tài sản hiện có ở Agribank nhưng không thuộc quyền sở hữu của Agribank như: Tài sản nhận giữ hộ, tài sản gán nợ, xiết nợ chờ xử lý?",Tài khoản loại 1: Vốn khả dụng và các khoản đầu tư.,Tài khoản loại 3: Tài sản cố định và tài sản có khác.,Tài khoản loại 9: Các tài khoản ngoài bảng cân đối kế toán.,Tài khoản loại 7: Thu nhập.,3,"Mục III, Quyết định 479/QĐ/NHNo-TCKT ngày 21/5/2014"
46,"Nguồn dự phòng tổn thất các khoản đầu tư, nợ phải thu khó đòi được trích lập và quản lý ở đâu?","Trích lập tại đơn vị quản lý các khoản đầu tư, nợ phải thu khó đòi; quản lý tập trung tại Trụ sở chính",Trích lập và quản lý tại chi nhánh,"Trích lập tại Trụ sở chính, quản lý tại chi nhánh",Trích lập và quản lý tại Trụ sở chính,1,Tiết a khoản 3 Điều 4 Quyết định 1126/QĐ-HĐTV-TCKT ngày 31/12/2019
47,"Theo nguồn gốc phát sinh, chứng từ bao gồm:

",Chứng từ điện tử và chứng từ giấy.,Chứng từ do khách hàng lập và chứng từ do ngân hàng lập.,Chứng từ gốc và chứng từ ghi sổ.,Chứng từ tiền mặt và chứng từ chuyển khoản.,2,"Điều 3, Quyết định 1000/QĐ-HĐQT-TCKT ngày 05/7/2011"
48,Khoản nợ phải thu khó đòi bao gồm:,"Nợ phải thu đã quá hạn thanh toán từ 6 tháng trở lên, Agribank đã gửi đối chiếu xác nhận hoặc đôn đốc thanh toán nhưng chưa thu hồi được",Khoản nợ phải thu chưa đến hạn thanh toán nhưng Agribank thu thập được các bằng chứng xác định đối tượng nợ có khả năng không trả được nợ đúng hạn theo quy định,Đáp án 1 và 2,,3,Tiết b khoản 2 Điều 11 Quyết định 1126/QĐ-HĐTV-TCKT ngày 31/12/2019
49,"Đối với các chương trình tài trợ khắc phục hậu quả thiên tai, dịch bệnh Trụ sở chính giao chi nhánh thực hiện, Trụ sở chính hỗ trợ bao nhiêu phần trăm(%) chi phí?",80%,50%,70%,100%,4,"Điều 5, chương II Quyết định số 396/QĐ-HĐTV-TCKT ngày 30/06/2021"
50,Nguyên giá tài sản cố định hữu hình mua sắm bao gồm:,"Chi phí vận chuyển, bốc dỡ.","Chi phí lắp đặt, chạy thử.",Lệ phí trước bạ.,Tất cả đáp án trên,4,Khoản 3 Mục I Phần 2 Văn bản số 4389/NHNo-TCKT ngày 21/6/2013
51,Loại giao dịch nào phải sử dụng mẫu chứng từ kế toán bắt buộc in từ hệ thống IPCAS (mẫu loại I)?,Các giao dịch tiền gửi.,Giao dịch nội bộ liên chi nhánh.,Giao dịch nội bộ tại chi nhánh.,Tất cả đáp án trên. ,4,Mục III Phụ lục 1 Quyết định 599/QĐ-NHNo-TCKT ngày 19/4/2017
52,Chứng từ nào sau đây thuộc mẫu chứng từ kế toán bắt buộc in sẵn (mẫu loại P)?,Lệnh thanh toán thuộc nghiệp vụ chuyển tiền trong nước.,"Bảng liệt kê chứng từ giải ngân, thu nợ tổng hợp.",Bảng kê các loại tiền nộp.,Bảng liệt kê giao dịch chi lương.,3,"Mục I Phụ lục 1, Quyết định 599/QĐ-NHNo-TCKT ngày 19/4/2017"
53,"Để phản ánh quỹ khen thưởng, phúc lợi được trích lập theo quy định của Pháp luật, Agribank sử dụng loại tài khoản nào?",Tài khoản loại 1: vốn khả dụng và các khoản đầu tư.,Tài khoản loại 4: các khoản phải trả.,Tài khoản loại 6: Nguồn vốn chủ sở hữu,Tài khoản loại 8: chi phí,2,"Mục III, Quyết định 479/QĐ/NHNo-TCKT ngày 21/5/2014"
54,Người nộp thuế phải lập hóa đơn điện tử khi nào? (Chọn đáp án đúng nhất),Bán hàng hóa,Cung cấp dịch vụ,Bán hàng hóa; cung cấp dịch vụ,,3,Tiết a điểm 1.2 khoản 1 văn bản số 5626/HD-NHNo-TCKT ngày 23/6/2022
55,Một số nội dung bắt buộc trên hóa đơn gồm:,"Tên hóa đơn, ký hiệu mẫu hóa đơn, số hóa đơn",Ký hiệu hóa đơn,"Tên, địa chỉ, mã số thuế người bán, người mua",Tất cả đáp án trên,4,Tiết a điểm 1.5 khoản 1 văn bản số 5626/HD-NHNo-TCKT ngày 23/6/2022
56,Các hành vi nào bị cấm trong lĩnh vực hóa đơn?,Sử dụng hóa đơn không hợp pháp,Sử dụng không hợp pháp hóa đơn,Cản trở công chức thuế thi hành công vụ về hóa đơn,Tất cả đáp án trên,4,"Tiết a, b khoản 5 văn bản số 5626/HD-NHNo-TCKT ngày 23/6/2022"
57,Loại hóa đơn điện tử Agribank sử dụng hiện nay:,Hóa đơn giá trị gia tăng,Hóa đơn bán hàng,Hóa đơn giá trị gia tăng; hóa đơn bán hàng,,3,Tiết a điểm 6.2 khoản 6 văn bản số 5626/HD-NHNo-TCKT ngày 23/6/2022
58,Khoản chi phí nào sau đây được ghi nhận chi phí tại Agribank?,Chi phí thực tế phát sinh liên quan đến hoạt động kinh doanh của Agribank,Khoản chi do nguồn kinh phí khác đài thọ,Chi phí không được trừ theo quy định của pháp luật về thuế thu nhập doanh nghiệp,"Chi phí không có đủ hóa đơn, chứng từ theo quy định của Nhà nước và Agribank",1,Khoản 1 Điều 19 Quyết định 341/QĐ-NHNN ngày 06/3/2024
59,Giá trị công cụ dụng cụ bao gồm:,Giá mua thực tế + Các khoản thuế (bao gồm các khoản thuế được hoàn lại theo quy định),Các chi phí hợp lý có liên quan đến việc đưa công cụ dụng cụ vào sử dụng phục vụ hoạt động kinh doanh - các khoản chiết khấu giảm giá (nếu có),Đáp án 1 và 2,,3,"Khoản 4 mục II văn bản 6716/NHNo-TCKT ngày 28/8/2013, được sửa đổi bởi khoản 1  văn bản 6436/NHNo-TCKT ngày 24/9/2014"
60,"Số tiền trích lập hai quỹ (Quỹ phúc lợi, quỹ khen thưởng) được phân chia theo tỷ lệ nào?","Quỹ khen thưởng 40%, Quỹ phúc lợi 60% tổng số tiền trích lập hai quỹ ","Quỹ khen thưởng 50%, Quỹ phúc lợi 50% tổng số tiền trích lập hai quỹ ","Quỹ khen thưởng 30%, Quỹ phúc lợi 70% tổng số tiền trích lập hai quỹ ","Tỷ lệ trích lập tùy thuộc vào mục đích sử dụng trong từng thời kỳ, Hội đồng thành viên xem xét quyết định cho phù hợp sau khi thống nhất ý kiến với Ban Chấp hành công đoàn Agribank",4,"Khoản 2, điều 4 Quyết định 909/QC-HĐTV-TCKT ngày 31/12/2021"
61,"Theo quy chế thi đua, khen thưởng trong hệ thống Agribank, Giám đốc chi nhánh loại I được sử dụng  Quỹ khen thưởng của chi nhánh để thưởng đột xuất cho tập thể, cá nhân thuộc chi nhánh với tổng mức khen thưởng là:",20% Quỹ khen thưởng được phân bổ hàng năm nhưng không quá 200 triệu đồng/năm,25% Quỹ khen thưởng được phân bổ hàng năm nhưng không quá 300 triệu đồng/năm,30% Quỹ khen thưởng được phân bổ hàng năm nhưng không quá 300 triệu đồng/năm,50% Quỹ khen thưởng được phân bổ hàng năm nhưng không quá 500 triệu đồng/năm,2,"Khoản 4b, điều 7 VB 242/QĐ-HĐTV-TCKT"
62,Thời hạn nộp Bảng cân đối tài khoản kế toán hàng tháng được Agribank quy định như thế nào?,"Nộp chậm nhất vào ngày 07 tháng kế tiếp. Nếu ngày cuối cùng của thời hạn nộp là ngày Lễ, Tết hoặc nghỉ cuối tuần thì ngày nộp Bảng cân đối tài khoản kế toán là ngày làm việc tiếp theo ngay sau ngày đó","Nộp chậm nhất vào ngày 05 tháng kế tiếp. Nếu ngày cuối cùng của thời hạn nộp là ngày Lễ, Tết hoặc nghỉ cuối tuần thì ngày nộp Bảng cân đối tài khoản kế toán là ngày làm việc tiếp theo ngay sau ngày đó","Nộp chậm nhất vào ngày 10 tháng kế tiếp. Nếu ngày cuối cùng của thời hạn nộp là ngày Lễ, Tết hoặc nghỉ cuối tuần thì ngày nộp Bảng cân đối tài khoản kế toán là ngày làm việc tiếp theo ngay sau ngày đó","Nộp chậm nhất vào ngày 15 tháng kế tiếp. Nếu ngày cuối cùng của thời hạn nộp là ngày Lễ, Tết hoặc nghỉ cuối tuần thì ngày nộp Bảng cân đối tài khoản kế toán là ngày làm việc tiếp theo ngay sau ngày đó",1,Tiết a Điều 5 Quyết định số 134/QĐ-NHNo-TCKT ngày 13/02/2015
63,Công tác kiểm tra giám sát bảng cân đối tài khoản kế toán trên hệ thống IPCAS được thực hiện theo hướng dẫn tại văn bản nào?,Văn bản số 12477/HD-NHNo-TCKT ngày 30/12/2021 của Kế toán trưởng Agribank,Văn bản số 4381/HD-NHNo-TCKT ngày 03/7/2014 của Tổng Giám đốc Agribank,Văn bản số 12477/HD-NHNo-TCKT ngày 30/12/2021 của Tổng Giám đốc Agribank,Quyết định số 2133/QyĐ-NHNo-KTNB ngày 30/9/2022 của Tổng Giám đốc Agribank,1,
64,Công tác giám sát nghiệp vụ tài chính kế toán và ngân quỹ thực hiện theo quy định tại văn bản nào?,Quyết định số 2133/QyĐ-NHNo-KTNB ngày 30/9/2022 của Tổng Giám đốc Agribank,Văn bản số 12477/HD-NHNo-TCKT ngày 30/12/2021 của Kế toán trưởng Agribank,Văn bản số 4381/HD-NHNo-TCKT ngày 03/7/2014 của Tổng Giám đốc Agribank,Văn bản số 12477/HD-NHNo-TCKT ngày 30/12/2021 của Tổng Giám đốc Agribank,1,
65,Nhóm tiêu chí giám sát giao dịch kế toán gồm:,"Giao dịch vượt quyền/ vượt định mức; Các giao dịch của User có dấu hiệu đáng ngờ (giao dịch hủy, hạch toán lùi, giao dịch phát sinh ngoài giờ)","Các giao dịch ghi giảm chi phí, thu nhập, thu bất thường, chi bất thường, các giao dịch bất thường (giao dịch ngoài giờ, giao dịch số tiền lớn từ 500 triệu đồng)",Hạn mức giao dịch của GDV bất thường (nhiều biến động trong khoảng thời gian),Tất cả đáp án trên,4,Mục II phụ lục III Quyết định số 2133/QyĐ-NHNo-KTNB ngày 30/9/2022 của Tổng Giám đốc Agribank
66,"Theo quy định về lập báo cáo tài chính trong hệ thống Agribank, hệ thống báo cáo tài chính bao gồm:","Báo cáo tình hình tài chính, Báo cáo kết quả hoạt động, Báo cáo lưu chuyển tiền tệ và Thuyết minh báo cáo tài chính","Bảng cân đối kế toán, Báo cáo kết quả hoạt động kinh doanh, Báo cáo lưu chuyển tiền tệ và Thuyết minh báo cáo tài chính","Bảng cân đối kế toán, Báo cáo kết quả hoạt động, Báo cáo lưu chuyển tiền tệ và Thuyết minh bảng cân đối kế toán",Tất cả đáp án trên,1,Điều 1 Quyết định số 134/QĐ-NHNo-TCKT ngày 13/02/2015  và Khoản 11 Điều 1 Quyết định số 479/QyĐ-NHNo-TCKT ngày 13/4/2022 về sửa đổi bổ sung một số điều của Quyết định số 134/QĐ-NHNo-TCKT
67,"Theo quy định về lập báo cáo tài chính trong hệ thống Agribank, đối tượng lập Báo cáo tài chính gồm:",Trụ sở chính Agribank,Trụ sở chính Agribank và các chi nhánh của Agribank,Trụ sở chính Agribank và các công ty con của Agribank,"Trụ sở chính Agribank, các chi nhánh của Agribank và các công ty con của Agribank",3,Điều 6 Quyết định số 134/QĐ-NHNo-TCKT ngày 13/02/2015
68, Thời hạn Agribank cần nộp báo cáo tài chính chưa kiểm toán cho các cơ quan quản lý Nhà nước:,"Báo cáo tài chính năm: Chậm nhất là 45 ngày đối với báo cáo tài chính riêng và chậm nhất 60 ngày đối với báo cáo tài chính hợp nhất kể từ ngày kết thúc năm tài chính.
Báo cáo giữa niên độ: Chậm nhất là ngày 30 tháng đầu tiên của quý kế tiếp.
","Báo cáo tài chính năm: Chậm nhất là 60 ngày đối với báo cáo tài chính riêng và chậm nhất 90 ngày đối với báo cáo tài chính hợp nhất kể từ ngày kết thúc năm tài chính.
Báo cáo giữa niên độ: Chậm nhất là ngày 60 tháng đầu tiên của quý kế tiếp.","Báo cáo tài chính năm: Chậm nhất là 90 ngày đối với báo cáo tài chính riêng và chậm nhất 120 ngày đối với báo cáo tài chính hợp nhất kể từ ngày kết thúc năm tài chính.
Báo cáo giữa niên độ: Chậm nhất là ngày 90 tháng đầu tiên của quý kế tiếp.","Báo cáo tài chính năm: Chậm nhất là 30 ngày đối với báo cáo tài chính riêng và chậm nhất 60 ngày đối với báo cáo tài chính hợp nhất kể từ ngày kết thúc năm tài chính.
Báo cáo giữa niên độ: Chậm nhất là ngày 30 tháng đầu tiên của quý kế tiếp.",1,Điều 13 Quyết định số 134/QĐ-NHNo-TCKT ngày 13/02/2015 
69,Thời hạn Agribank cần nộp Báo cáo tài chính năm đã được kiểm toán cho Ngân hàng Nhà nước?,Chậm nhất là 30 ngày kể từ ngày kết thúc năm tài chính,Chậm nhất là 45 ngày kể từ ngày kết thúc năm tài chính,Chậm nhất là 90 ngày kể từ ngày kết thúc năm tài chính,Chậm nhất là 120 ngày kể từ ngày kết thúc năm tài chính,3,Điều 13 Mục III Quyết định số 134/QĐ-NHNo-TCKT ngày 13/02/2015
70,Agribank phải nộp báo cáo tài chính năm đã được kiểm toán cho các cơ quan quản lý Nhà nước nào?,Ngân hàng Nhà nước,"Cơ quan Tài chính, Cơ quan thống kê",Cơ quan thuế,Tất cả đáp án trên,4,"Điều 13 Mục III, Quyết định 134/QĐ/NHNo-TCKT ngày 13/02/2015"
71,"Trường hợp chứng từ kế toán bị mất hoặc bị hủy hoại, chi nhánh phải thực hiện:","Lập Hội đồng để kiểm tra, xác định và lập biên bản số lượng, hiện trạng, nguyên nhân chứng từ bị mất, bị hủy hoại và thông báo cho các tổ chức, cá nhân có liên quan và cơ quan có thẩm quyền","Lập biên bản kèm theo bản sao chụp tài liệu bị mất, hủy hoại. Trên bản sao chụp phải ghi rõ nơi lưu bản chính","Lập biên bản nêu rõ hiện trạng, số lượng, nguyên nhân chứng từ bị mất, bị hủy hoại","Lập biên bản nêu rõ hiện trạng, số lượng, nguyên nhân chứng từ bị mất, bị hủy hoại kèm theo bản thông báo cho các đơn vị trong hệ thống Agribank",1,Khoản 2 Điều 23 QĐ 1000/QĐ-HĐQT-TCKT ngày 05/7/2011
72,"Theo quy định tại Quyết định số 599/QĐ-NHNo-TCKT ngày 19/4/2017, Tổng Giám đốc ban hành mẫu chứng từ cơ bản áp dụng thống nhất toàn hệ thống gồm có các loại mẫu chứng từ nào?",Mẫu chứng từ kế toán bắt buộc in sẵn,"Mẫu chứng từ kế toán bắt buộc in sẵn, mẫu chứng từ kế toán hướng dẫn","Mẫu chứng từ kế toán bắt buộc in sẵn, mẫu chứng từ kế toán hướng dẫn, mẫu chứng từ kế toán bắt buộc in từ IPCAS","Mẫu chứng từ kế toán hướng dẫn, mẫu chứng từ kế toán bắt buộc in từ IPCAS",3,"Điều 2, Quyết định 599/QĐ-NHNo-TCKT ngày 19/4/2017"
73,Số chứng từ là dãy gồm bao nhiêu ký tự?,10,13,15,17,4,Khoản 3 Điều 1 Quyết định 1052/QyĐ-NHNo-TCKT ngày 05/5/2023
74,Ký hiệu chứng từ là một chuỗi gồm bao nhiêu ký tự?,3,5,7,10,2,Khoản 3 Điều 1 Quyết định 1052/QyĐ-NHNo-TCKT ngày 05/5/2023
75,"Theo quy định tại Quyết định số 1052/QĐ-NHNo-TCKT ngày 05/5/2023 của Tổng Giám đốc, số giao dịch là?",Số giao dịch được lấy theo số thứ tự chứng từ của từng giao dịch viên trong ngày giao dịch; số giao dịch bao gồm tối đa 5 ký tự,Số giao dịch được lấy theo số thứ tự chứng từ của từng giao dịch viên trong ngày giao dịch; số giao dịch bao gồm tối đa 7 ký tự,Số giao dịch được lấy theo số thứ tự chứng từ của từng giao dịch viên trong ngày giao dịch; số giao dịch bao gồm tối đa 9 ký tự,Số giao dịch được lấy theo số thứ tự chứng từ của từng giao dịch viên trong ngày giao dịch; số giao dịch bao gồm tối đa 10 ký tự,3,Khoản 3 Điều 1 Quyết định 1052/QyĐ-NHNo-TCKT ngày 05/5/2023
76,"Theo quy định tại Quy chế số 369/QC-HĐTV-TCKT, chia sẻ phí dịch vụ là gì?",Là việc đơn vị đầu mối chia sẻ phần phí dịch vụ thu được từ khách hàng cho các đơn vị cung ứng dịch vụ/đơn vị hợp tác cung ứng dịch vụ theo tỷ lệ chia sẻ phí do cấp có thẩm quyền quy định từng thời kỳ.,Là việc đơn vị đầu mối phân bổ phần phí dịch vụ do khách hàng trả thông qua đơn vị hợp tác cung ứng dịch vụ cho các đơn vị cung ứng dịch vụ theo mức độ đóng góp của từng đơn vị.,Là việc đơn vị đầu mối chia sẻ phần phí dịch vụ thu được từ khách hàng cho đơn vị hợp tác cung ứng dịch vụ theo tỷ lệ chia sẻ phí do cấp có thẩm quyền quy định từng thời kỳ.,Là việc đơn vị đầu mối phân bổ phần phí dịch vụ thu được từ khách hàng cho các đơn vị cung ứng dịch vụ theo tỷ lệ chia sẻ phí do cấp có thẩm quyền quy định từng thời kỳ.,1,Khoản 8 Điều 3 Quy chế số 369/QC-HĐTV-TCKT ngày 19/6/2023
77,"Theo quy định tại Quy chế số 369/QC-HĐTV-TCKT, phân bổ phí dịch vụ là:",Là việc đơn vị đầu mối chia sẻ phần phí dịch vụ thu được từ khách hàng cho các đơn vị cung ứng dịch vụ/đơn vị hợp tác cung ứng dịch vụ theo tỷ lệ chia sẻ phí do cấp có thẩm quyền quy định từng thời kỳ.,Là việc đơn vị đầu mối phân bổ phần phí dịch vụ do khách hàng trả thông qua đơn vị hợp tác cung ứng dịch vụ cho các đơn vị cung ứng dịch vụ theo mức độ đóng góp của từng đơn vị.,Là việc đơn vị đầu mối chia sẻ phần phí dịch vụ thu được từ khách hàng cho đơn vị hợp tác cung ứng dịch vụ theo tỷ lệ chia sẻ phí do cấp có thẩm quyền quy định từng thời kỳ.,Là việc đơn vị đầu mối phân bổ phần phí dịch vụ thu được từ khách hàng cho các đơn vị cung ứng dịch vụ theo tỷ lệ chia sẻ phí do cấp có thẩm quyền quy định từng thời kỳ.,2,Khoản 9 Điều 3 Quy chế số 369/QC-HĐTV-TCKT ngày 19/6/2023
78,Nguồn dự phòng rủi ro được theo dõi ở loại tài khoản nào?,Loại 2,Loại 3,Loại 4,Loại 8,1,Quy định số 479/QĐ-NHNo-TCKT ngày 21/5/2014
79,Chuyển nguồn dự phòng về Trụ sở chính do đơn vị nào thực hiện?,Chi nhánh loại I,Chi nhánh loại II,Phòng giao dịch thực hiện,"Chi nhánh loại I, loại II và phòng giao dịch",1,Tiết ii điểm b khoản 1.3 tiểu mục 1 mục III chương I phần II Văn bản số 2899 /HD-NHNo-TCKT ngày 14/4/2022
80,"Theo quy định đầu tư xây dựng, sửa chữa công trình, Bảo lãnh tạm ứng hợp đồng, bảo đảm thực hiện hợp đồng được quản lý như thế nào?",Lưu vào nhật ký chứng từ,Bảo quản trong kho tiền,Quản lý trong hồ sơ công trình sửa chữa/đầu tư xây dựng,,2,Điểm 1.1 phần II văn bản 10789/NHNo-TCKT ngày 30/10/2018 
81,"Công cụ, dụng cụ có giá trị nhỏ hơn 15 triệu đồng khi xuất dùng, Agribank thực hiện:",Hạch toán 100% vào chi phí tại đơn vị,Hạch toán phân bổ vào chi phí trong thời gian 2 năm,Hạch toán phân bổ chi phí trong thời gian 3 năm,Hạch toán phân bổ chi phí trong thời gian 4 năm,1,"Khoản 6 mục II văn bản 6716/NHNo-TCKT ngày 28/8/2013, được sửa đổi bởi khoản 2  văn bản 6436/NHNo-TCKT ngày 24/9/2014"
82,Thẩm quyền của Giám đốc chi nhánh loại 1 khi quyết định thưởng đột xuất đối với tập thể thuộc chi nhánh số tiền tối đa là bao nhiêu?,50 triệu đồng,60 triệu đồng,70 triệu đồng,100 triệu đồng,1,"Khoản 4b, điều 7 VB 242/QĐ-HĐTV-TCKT"
83,Quỹ phúc lợi được phân bổ như thế nào?,Quỹ phúc lợi chung của Agribank,"Quỹ phúc lợi giao Công đoàn Agribank quản lý, sử dụng","Quỹ phúc lợi tại Trụ sở chính, chi nhánh loại I",Tất cả đáp án trên,4,Điều 5 Quyết định số 909/QC-HĐTV-TCKT ngày 31/12/2021
84,Quyền của người được bảo hiểm tiền gửi theo Luật bảo hiểm tiền gửi?,Được bảo hiểm số tiền gửi của mình; Được nhận tiền bảo hiểm đầy đủ và đúng thời hạn theo quy định của Luật này.,"Yêu cầu tổ chức tham gia bảo hiểm tiền gửi, tổ chức bảo hiểm tiền gửi cung cấp đầy đủ, chính xác thông tin, chế độ về bảo hiểm tiền gửi.","Khiếu nại, tố cáo, khởi kiện cơ quan, tổ chức, cá nhân có liên quan đến bảo hiểm tiền gửi theo quy định của pháp luật.",Tất cả đáp án trên,4,Điều 3 luật số 06/2012/QH13 ngày 18/6/2012 của Quốc Hội
85,"Chứng từ kế toán được lập bao nhiêu lần cho mỗi nghiệp vụ kinh tế, tài chính phát sinh?",01 lần,02 lần ,03 lần,04 lần,1,Khoản 1 Điều 5 Quyết định 1000/QĐ-HĐQT-TCKT ngày 05/7/2011
86,"Hệ thống Camera có giá trị 29 triệu (bao gồm camera, đầu thu,ổ cứng, …) được ghi nhận theo dõi và quản lý như là:",Tài sản cố định,Công cụ dụng cụ,Vật liệu,Tất cả đáp án trên,2,Văn bản 6716/NHNo-TCKT ngày 28/8/2013
87,Mức xử phạt trung bình khi Doanh nghiệp nộp hồ sơ khai thuế quá thời hạn quy định từ 61 ngày đến 90 ngày là bao nhiêu?,3.500.000 đồng,6.500.000 đồng,11.500.000 đồng,20.000.000 đồng,3,Điểm 4 mục I Phụ lục số 01 kèm theo văn bản số 15401/NHNo-TCKT ngày 14/12/2023
88,Tài sản cố định có nguyên giá từ bao nhiêu tiền trở lên?,10 triệu đồng,20 triệu đồng,30 triệu đồng,50 triệu đồng,3,Điểm 1 khoản 1 phần 2 văn bản 4389/NHNo-TCKT ngày 21/6/2013
89,Tài sản được ghi nhận là tài sản cố định (TSCĐ) nếu thỏa mãn tiêu chuẩn nào dưới đây?,Chắc chắn thu được lợi ích kinh tế trong tương lai từ việc sử dụng tài sản,Có thời gian sử dụng trên 1 năm trở lên,Nguyên  giá tài sản phải được xác định một cách tin cậy và có giá trị từ 30 triệu đồng trở lên,Tất cả đáp án trên,4,Điểm 1 khoản 1 phần 2 văn bản 4389/NHNo-TCKT ngày 21/6/2013
90,Agribank không trích khấu hao đối với tài sản cố định nào?,TSCĐ đã khấu hao hết giá trị,TSCĐ vô hình là quyền sử dụng đất lâu dài có thu tiền sử dụng đất hoặc nhận chuyển nhượng quyền sử dụng đất lâu dài hợp pháp,"TSCĐ bị mất chưa hết khấu hao; TSCĐ không được quản lý, theo dõi trong sổ sách kế toán  của đơn vị",Tất cả đáp án trên,4,Điểm 1 khoản 2 phần 2 văn bản 4389/NHNo-TCKT ngày 21/6/2013
91,Đơn vị trích khấu hao đối với Tài sản cố định thuê tài chính là:,Đơn vị cho thuê TSCĐ,Đơn vị thuê TSCĐ,Đáp án 1 và 2,,2,Điểm 1 khoản 2 phần 2 văn bản 4389/NHNo-TCKT ngày 21/6/2013
92,Đơn vị trích khấu hao đối với Tài sản cố định thuê hoạt động là:,Đơn vị cho thuê TSCĐ,Đơn vị thuê TSCĐ,Đáp án 1 và 2,,1,Điểm 1 khoản 2 phần 2 văn bản 4389/NHNo-TCKT ngày 21/6/2013
93,"Tại Agribank, thẩm quyền phê duyệt điều chuyển TSCĐ quy định như thế nào?",TGĐ phê duyệt điều chuyển TSCĐ giữa các chi nhánh loại I; điều chuyển TSCĐ ra ngoài hệ thống Agribank,Giám đốc chi nhánh loại I phê duyệt điều chuyển TSCĐ giữa các chi nhánh loại II trực thuộc,Đáp án 1 và 2 đều đúng,Đáp án 1 và 2 đều sai,3,Điểm 1 khoản 4 phần 2 văn bản 4389/NHNo-TCKT ngày 21/6/2013
94,"Agribank trích khấu hao tự động, hạch toán trên IPCAS vào thời điểm nào?",Ngày 25 tháng cuối quý,Ngày 26 tháng cuối quý,Ngày cuối cùng của tháng cuối quý,Ngày làm việc cuối cùng của tháng cuối quý,2,Điểm 1 khoản VI phần 2 văn bản 4389/NHNo-TCKT ngày 21/6/2013
95,Nguyên giá TSCĐ thay đổi khi nào?,"Đánh giá lại giá trị TSCĐ theo quyết định của cơ quan nhà nước có thẩm quyền; hoặc thực hiện tổ chức lại doanh nghiệp, chuyển đổi sở hữu doanh nghiệp; chuyển đổi hình thức doanh nghiệp như  chia, tách, sát nhập, …",Đầu tư nâng cấp TSCĐ,Tháo dỡ một hay một số bộ phận của TSCĐ mà các bộ phận này được quản lý theo tiêu chuẩn của một TSCĐ hữu hình,Tất cả đáp án trên,4,Khoản 4 phần 2 văn bản 4389/NHNo-TCKT ngày 21/6/2013
96,Việc trích khấu hao TSCĐ được thực hiện bắt đầu từ ngày nào?,Ngày đơn vị chính thức nhận bàn giao đưa tài sản vào sử dụng cho hoạt động kinh doanh,Ngày đơn vị mua tài sản,Ngày đơn vị hạch toán nhập tài sản,Ngày đơn vị nhận bàn giao tài sản,1,Văn bản 10170/NHNo-TCKT ngày 18/12/2013
97,"Trường hợp cam kết không mua lại TSCĐ thuê tài chính, thời gian trích khấu hao TSCĐ thuê tài chính được xác định như thế nào?",Theo thời hạn thuê trong hợp đồng,Theo thời hạn trích khấu hao như TSCĐ thuộc sở hữu của đơn vị,Đáp án 1 và 2 đều đúng,Đáp án 1 và 2 đều sai,1,Khoản 2 phần 2 văn bản 4389/NHNo-TCKT ngày 21/6/2013
98,Hệ thống tài khoản kế toán của Agribank  gồm các tài khoản nào?,Tài khoản trong bảng cân đối kế toán ,Tài khoản ngoài bảng cân đối kế toán,Tài khoản trong bảng cân đối kế toán và Tài khoản ngoài bảng cân đối kế toán,,3,"Mục I, Quyết định 479/QĐ/NHNo-TCKT ngày 21/5/2014 "
99,Hệ thống tài khoản kế toán của Agribank được bố trí thành bao nhiêu loại?,6 loại,7 loại,8 loại,9 loại,4,"Mục I, Quyết định 479/QĐ/NHNo-TCKT ngày 21/5/2014 "
100,Các tài khoản trong bảng cân đối kế toán và các tài khoản ngoài bảng cân đối kế toán được bố trí theo hệ thống số thập phân gồm những cấp nào?,"Cấp I, II, III, VI","Cấp I, II, III, V","Cấp I, III, IV,V","Cấp I, II, IV,V",2,"Mục I, Quyết định 479/QĐ/NHNo-TCKT ngày 21/5/2014"
101," Trụ sở chính hạch toán thu nhập bán vốn, chi phí mua vốn của chi nhánh theo cặp tài khoản nào?",702005/802005,702007/802016,702005/802005 và 702007/802016,702010/802010,4,Mục 1 văn bản 15500/NHNo-TCKT ngày 15/12/2023
102,"Thu nhập, chi phí từ mua bán vốn nội bộ được Trụ sở chính hạch toán đến các đơn vị nào?",Chi nhánh loại I,"Chi nhánh loại I, II, Phòng Giao dịch","Chi nhánh loại I, II",,3,Mục 1 văn bản 15500/NHNo-TCKT ngày 15/12/2023
103,"Kể từ ngày 01/01/2024, các khoản thu nhập/chi phí về lãi, phí của Agribank với bảo hiểm tiền gửi theo văn bản 615/NHNo-TCKT ngày 29/01/2013 và văn bản số 3903/NHNo-TCKT ngày 31/10/2006 về tính và nộp phí bảo hiểm tiền gửi được thực hiện tại đâu?","Trụ sở chính, chi nhánh loại I, loại II","Trụ sở chính, chi nhánh loại I, loại II, phòng Giao dịch","Chi nhánh loại I, loại II",Trụ sở chính,4,Mục 2 văn bản 15500/NHNo-TCKT ngày 15/12/2023
104,"Kể từ ngày 01/01/2024, phí bảo hiểm tiền gửi (BHTG) của chi nhánh loại I được:",Trụ sở chính tổng hợp và báo nợ phí BHTG cho các chi nhánh loại I theo quy định,"Trụ sở chính tổng hợp và báo nợ phí BHTG cho các chi nhánh I, loại  Loại II theo quy định",Trụ sở chính hạch toán và chi nhánh loại I không phải nộp,,3,Mục 2 văn bản 15500/NHNo-TCKT ngày 15/12/2023
105,"Chọn đáp án đúng nhất: Kể từ ngày 01/01/2024, Trụ sở chính dừng phân bổ, điều tiết các khoản thu nhập, chi phí nội bộ nào sau đây?","Thu nhập nội bộ về dự trữ bắt buộc, dự trữ thanh toán, lãi tiền gửi duy trì tại Ngân hàng chính sách xã hội, phí bảo hiểm tiền gửi, phí dự án ủy thác đầu tư Agribank chịu rủi ro tín dụng","Thu nhập nội bộ về dự trữ bắt buộc, dự trữ thanh toán, lãi tiền gửi duy trì tại Ngân hàng chính sách xã hội","Thu nhập nội bộ về dự trữ bắt buộc, lãi tiền gửi duy trì tại Ngân hàng chính sách xã hội, phí bảo hiểm tiền gửi, phí dự án ủy thác đầu tư Agribank chịu rủi ro","Thu nhập nội bộ về dự trữ bắt buộc, dự trữ thanh toán, phí bảo hiểm tiền gửi, phí dự án ủy thác đầu tư Agribank chịu rủi ro",1,Mục 2 văn bản 15500/NHNo-TCKT ngày 15/12/2023
106,"Theo quy định quản lý và sử dụng công cụ hỗ trợ trong hệ thống Agribank, người được giao sử dụng Công cụ hỗ trợ phải đảm bảo điều kiện nào sau đây?",Có năng lực hành vi dân sự đầy đủ,"Có phẩm chất đạo đức tốt, đủ sức khỏe, phù hợp với công việc được giao","Đã qua đào tạo, huấn luyện và được cấp giấy chứng nhận về sử dụng CCHT bảo vệ",Tất cả đáp án trên,4,Khoản 1 Điều 10 văn bản số 1339/QĐ-NHNo-VP ngày 09/7/2021.
107,"Theo quy định quản lý và sử dụng công cụ hỗ trợ trong hệ thống Agribank, Người được giao sử dụng Công cụ hỗ trợ có trách nhiệm nào sau đây?",Sử dụng công cụ hỗ trợ bảo vệ đúng mục đích đúng quy định.,"Bảo quản công cụ hỗ trợ đúng chế độ, đúng quy trình, bảo đảm an toàn, không để mất và hư hỏng.","Bàn giao công cụ hỗ trợ và giấy phép cho người có trách nhiệm quản lý, bảo quản theo đúng quy định.",Tất cả đáp án trên.,4,Khoản 2 Điều 10 văn bản số 1339/QĐ-NHNo-VP ngày 09/7/2021.
108,"Theo quy định quản lý và sử dụng công cụ hỗ trợ trong hệ thống Agribank, các hành vi bị nghiêm cấm:",Giao công cụ hỗ trợ cho cá nhân không đủ điều kiện theo quy định,"Trao đổi, tặng, cho, gửi, mượn, thuê, cho thuê, cầm cố công cụ hỗ trợ","Hướng dẫn, huấn luyện, tổ chức huấn luyện trái phép cách thức chế tạo, sản xuất, sửa chữa hoặc sử dụng công cụ hỗ trợ dưới mọi hình thức",Tất cả đáp án trên.,4,"Khoản 5,6,10 Điều 4 văn bản số 1339/QĐ-NHNo-VP ngày 09/7/2021."
109,"Khi Agribank được mua cổ phiếu phát hành thêm theo tỷ lệ chứng khoán nắm giữ, cách hạch toán nào sau đây là đúng?",Agribank ghi nhận theo giá trị thị trường của cổ phiếu được mua thêm,"Không thực hiện hạch toán, chỉ theo dõi số lượng cổ phiếu tăng thêm trên thuyết minh báo cáo tài chính",Ghi nhận theo giá gốc của cổ phiếu được mua thêm,,3,Khoản 11 Mục IV Văn bản số 3819/NHNo-TCKT ngày 30/7/2010 của Tổng Giám đốc
110,"Khi Agribank nhận khoản thưởng cổ tức bằng cổ phiếu từ đầu tư chứng khoán Vốn, cách hạch toán nào sau đây là đúng?",Ghi nhận giá trị cổ phiếu theo giá thị trường được nhận vào tài khoản thu nhập hoạt động kinh doanh chứng khoán ,"Không thực hiện hạch toán, chỉ theo dõi số lượng cổ phiếu tăng thêm trên thuyết minh báo cáo tài chính",Ghi nhận tăng giá trị khoản đầu tư vào Công ty cổ phần,,2,Khoản 11 Mục IV Văn bản số 3819/NHNo-TCKT ngày 30/7/2010 của Tổng Giám đốc
111,"Giá trị chiết khấu, phụ trội của chứng khoán Nợ thuộc nhóm đầu tư sẵn sàng để bán hoặc giữ đến ngày đáo hạn được phân bổ theo phương pháp đường thẳng cho khoảng thời gian đầu tư chứng khoán như thế nào?","Giá trị chiết khấu hạch toán vào tài khoản thu nhập thích hợp, giá trị phụ trội hạch toán vào tài khoản chi phí thích hợp","Giá trị chiết khấu ghi Có tài khoản thu lãi đầu tư chứng khoán thích hợp, giá trị phụ trội ghi Nợ tài khoản thu lãi đầu tư chứng khoán thích hợp ",Đáp án 1 và 2 đều đúng,,2,Khoản 7 Mục IV văn bản số 3819/NHNo-TCKT ngày 30/7/2010 của Tổng Giám đốc
112,Định nghĩa nào sau đây về chứng khoán kinh doanh là đúng?,"Là chứng khoán vốn, Agribank mua hẳn và dự định bán ra trong thời gian ngắn (không quá 12 tháng) nhằm mục đích thu lợi từ việc hưởng chênh lệch giá, Agribank không có mục đích kiểm soát doanh nghiệp","Là chứng khoán Nợ, Agribank mua hẳn và dự định bán ra trong thời gian ngắn (không quá 12 tháng) nhằm mục đích thu lợi từ việc hưởng chênh lệch giá, Agribank không có mục đích kiểm soát doanh nghiệp","Là chứng khoán khác, Agribank mua hẳn và dự định bán ra trong thời gian ngắn (không quá 12 tháng) nhằm mục đích thu lợi từ việc hưởng chênh lệch giá, Agribank không có mục đích kiểm soát doanh nghiệp",Tất cả đáp án trên,4,Khoản 3 Mục I văn bản số 3819/NHNo-TCKT ngày 30/7/2010 của Tổng Giám đốc
113,Định nghĩa nào sau đây về chứng khoán giữ đến ngày đáo hạn là đúng?,"Là chứng khoán Nợ hoặc chứng khoán vốn, Agribank mua hẳn với mục đích hưởng chênh lệch giá, Agribank chắc chắn về khả năng giữ đến ngày đáo hạn của chứng khoán","Là chứng khoán vốn, Agribank mua hẳn với mục đích hưởng chênh lệch giá, Agribank chắc chắn về khả năng giữ đến ngày đáo hạn của chứng khoán","Là chứng khoán Nợ, Agribank mua hẳn với mục đích đầu tư hưởng lãi suất, Agribank chắc chắn về khả năng giữ đến ngày đáo hạn của chứng khoán",,3,Khoản 3 Mục I văn bản số 3819/NHNo-TCKT ngày 30/7/2010 của Tổng Giám đốc
114,"Các loại phí dịch vụ phát sinh trong nghiệp vụ phát hành UPAS L/C bao gồm các khoản phí dịch vụ như đối với L/C thông thường (phí phát hành, phí chấp nhận thanh toán, phí sửa đổi L/C…) quy định tại:",Biểu phí hiện hành của Agribank,Không thu phí đối với nghiệp vụ phát hành UPAS L/C,Biểu phí theo thông báo của các ĐCTC,,1,khoản 3 Mục I văn bản số 2734/NHNo-TCKT ngày 05/3/2025
115,"Đối với hành vi trốn thuế chưa đến mức truy cứu trách nhiệm hình sự, hành vi khai sai dẫn đến thiếu số tiền thuế phải nộp hoặc tăng số tiền thuế được miễn, giảm, hoàn, không thu thì thời hiệu xử phạt là bao nhiêu năm kể từ ngày thực hiện hành vi vi phạm?",01 năm,02 năm,05 năm,10 năm,3,Tiết b Điểm 6.2 Khoản 6 văn bản số 11099/HD-NHNo-TCKT ngày 09/12/2021
116,Các hình thức xử phạt vi phạm hành chính về quản lý thuế bao gồm:,Cảnh cáo; Phạt tiền,Buộc dừng mã số thuế,Đáp án 1 và 2,,1,Tiết a Điểm 6.3 Khoản 6 văn bản số 11099/HD-NHNo-TCKT ngày 09/12/2021
117,Hồ sơ khai thuế đối với loại thuế khai và nộp theo từng lần phát sinh nghĩa vụ thuế bao gồm:,Tờ khai thuế,"Hóa đơn, hợp đồng",Chứng từ khác có liên quan đến nghĩa vụ thuế theo quy định của pháp luật,Tất cả đáp án trên,4,Tiết d Điểm 2.2 Khoản 2 văn bản số 11099/HD-NHNo-TCKT ngày 09/12/2021
118,Thời hạn nộp hồ sơ khai thuế đối với loại thuế khai và nộp theo từng lần phát sinh nghĩa vụ thuế là ngày thứ bao nhiêu kể từ ngày phát sinh nghĩa vụ thuế: ,Ngày thứ 10,Chậm nhất ngày thứ 10,Ngày thứ 20,Chậm nhất ngày thứ 20,2,Tiết c điểm 2.3 Khoản 2 văn bản số 11099/HD-NHNo-TCKT ngày 09/12/2021
119,"Trường hợp Giám đốc chi nhánh loại I phân quyền quyết định chi phí cho chi nhánh loại II, Giám đốc chi nhánh loại II có phải thành lập Hội đồng chi phí không?",Bắt buộc phải thành lập Hội đồng chi phí,"Không nhất thiết, do Giám đốc chi nhánh loại II quyết định",Đáp án 1 và 2 đều đúng,Đáp án 1 và 2 đều sai,2,Mục 4 văn bản 11468/HD/NHNo-TCKT ngày 21/8/2024
120,"Trưởng văn phòng đại diện, Giám đốc Đơn vị sự nghiệp, chi nhánh loại I quyết định thời gian thuê dịch vụ vệ sinh, an ninh bảo vệ tối đa bao lâu đối với một hợp đồng/ chương trình?",01 năm,02 năm,03 năm,05 năm,3,Mục 2 văn bản 11468/HD/NHNo-TCKT ngày 21/8/2024
121,"Điều kiện thực hiện các khoản chi dịch vụ vệ sinh, an ninh, bảo vệ và các dịch vụ lao động thuê ngoài khác theo Quy định 936/QyĐ-HĐTV-TCKT ngày 02/8/2024:","Số lượng lao động thuê ngoài phù hợp với nhu cầu; có phương án sử dụng và quản lý lao động hiệu quả, tuân thủ theo quy định của pháp luật về lao động.","Chi phí nhân công, giá thuê dịch vụ phù hợp quy định của pháp luật và mặt bằng chung giá cả thị trường trên địa bàn hoạt động",Thời gian thuê dịch vụ tối đa 03 năm đối với một hợp đồng/chương trình,Tất cả đáp án trên,4,Mục 2 văn bản 11468/HD/NHNo-TCKT ngày 21/8/2024
122,"Theo Văn bản số 12477/HD-NHNo-TCKT ngày 30/12/2021 của Kế toán trưởng Agribank, kiểm tra, giám sát bảng cân đối tài khoản kế toán nhằm mục đích nào sau đây?","Đảm bảo tính chính xác của số liệu hạch toán kế toán, tuân thủ quy định của Nhà nước và Agribank","Phát hiện giao dịch hạch toán không đúng chế độ quy định, các nghiệp vụ phát sinh không đúng phân hệ nghiệp vụ quản lý trên hệ thống IPCAS","Phát hiện các sai sót, tồn tại trong việc thực hiện chế độ kế toán, tài chính",Tất cả đáp án trên,4,Mục 3. Phần I - Văn bản số 12477/HD-NHNo-TCKT ngày 30/12/2021 của Kế toán trưởng Agribank
123,"Theo quy định tại văn bản 15500/NHNo-TCKT ngày 15/12/2023, kể từ ngày 01/01/2024, Trụ sở chính dừng phân bổ, điều tiết các khoản thu nhập, chi phí nội bộ nào sau đây?","Thu nhập nội bộ về dự trữ bắt buộc, dự trữ thanh toán",Lãi tiền gửi duy trì tại Ngân hàng chính sách xã hội,"Phí bảo hiểm tiền gửi, phí sử dụng vốn ủy thác đầu tư Agribank chịu rủi ro tín dụng",Tất cả đáp án trên,4,Mục 2 văn bản 15500/NHNo-TCKT ngày 15/12/2023
124,"Khi chi nhánh loại I xuất ấn chỉ quan trọng cho chi nhánh loại I khác theo Lệnh điều chuyển của Trụ sở chính, Phiếu xuất kho được lập làm mấy liên?",01 liên,02 liên,03 liên,04 liên,3,Khoản 1 Điều 9 Hướng dẫn số 16666/HD-NHNo-TCKT ngày 30/12/2023
125,"Cuối giờ giao dịch buổi sáng, giao dịch viên thực hiện như thế nào để quản lý ấn chỉ quan trọng?",Kiểm đếm và đối chiếu số lượng ấn chỉ quan trọng tồn thực tế với sổ sách,Bảo quản trong túi vải/thùng/hòm,Niêm phong để gửi vào kho tiền hoặc gian đệm hoặc két sắt (đối với trường hợp phòng giao dịch không có kho),Tất cả đáp án trên,4,Khoản 1 Điều 13 Hướng dẫn số 16666/HD-NHNo-TCKT ngày 30/12/2023
126,"Cuối ngày giao dịch, tại chi nhánh ai sẽ thực hiện kiểm kê ấn chỉ quan trọng trong kho?",Ban Quản lý kho,Thủ kho/Thủ quỹ,Giao dịch viên quỹ,Kiểm soát viên,1,Khoản 1 Điều 14 Hướng dẫn số 16666/HD-NHNo-TCKT ngày 30/12/2023
127,"Việc giao nhận, bảo quản, vận chuyển ấn chỉ quan trọng phải tuân thủ theo quy định nào?","Quy định về giao nhận, bảo quản, vận chuyển tiền mặt, tài sản quý của Tổng Giám đốc trong từng thời kỳ","Quy định về giao nhận, bảo quản, vận chuyển tài sản quý, giấy tờ có giá của Tổng Giám đốc trong từng thời kỳ","Quy định về giao nhận, bảo quản, vận chuyển tiền mặt, tài sản quý, giấy tờ có giá của Tổng Giám đốc trong từng thời kỳ","Quy định về giao nhận, bảo quản, vận chuyển ấn chỉ quan trọng của Tổng Giám đốc trong từng thời kỳ",3,Khoản 9 Điều 3 Hướng dẫn số 16666/HD-NHNo-TCKT ngày 30/12/2023
128," Khi chi nhánh loại I nhập kho ấn chỉ quan trọng nhận từ trụ sở chính/chi nhánh loại I khác, phiếu nhập kho được lập thành mấy liên?",01 liên,02 liên,03 liên,04 liên,2,Khoản 1 Điều 8 Hướng dẫn số 16666/HD-NHNo-TCKT ngày 30/12/2023
129,"Khi có nhu cầu sử dụng ấn chỉ quan trọng, chi nhánh loại II cần hoàn thiện hồ sơ cấp ấn chỉ quan trọng bao gồm:",Tờ trình xin cấp ấn chỉ quan trọng,"Tờ trình xin cấp ấn chỉ quan trọng, Giấy giới thiệu","Tờ trình xin cấp ấn chỉ quan trọng, Giấy giới thiệu, chứng minh thư của cán bộ áp tải","Tờ trình xin cấp ấn chỉ quan trọng, Giấy giới thiệu, CCCD/hộ chiếu của cán bộ áp tải",4,điểm a khoản 2 Điều 8 Hướng dẫn số 16666/HD-NHNo-TCKT ngày 30/12/2023
130,"Theo quy định về quản lý ấn chỉ quan trọng, vào đầu ngày giao dịch, Giao dịch viên/Giao dịch viên quỹ thực hiện:","Nhập toàn bộ ấn chỉ quan trọng đã gửi kho tạm trên hệ thống IPCAS để sử dụng, in phiếu xuất kho tạm ấn chỉ lưu nhật ký chứng từ","Sắp xếp ấn chỉ quan trọng theo từng loại, ngăn nắp trong két sắt, tuyệt đối không để ấn chỉ quan trọng trên mặt bàn quầy gần với khách hàng","Sắp xếp ấn chỉ quan trọng theo từng loại, kiểm đếm và đối chiếu số lượng ấn chỉ quan trọng tồn thực tế và trên sổ sách kế toán, xuất ấn chỉ quan trọng đã gửi kho tạm trên hệ thống IPCAS để sử dụng, in phiếu xuất kho tạm, lưu nhật ký chứng từ","Xuất toàn bộ ấn chỉ quan trọng đã gửi kho tạm trên hệ thống IPCAS để sử dụng, in phiếu xuất kho tạm ấn chỉ lưu nhật ký chứng từ",4, điểm a khoản 1 Điều 13 Hướng dẫn số 16666/HD-NHNo-TCKT ngày 30/12/2023
131,"Theo quy định về quản lý ấn chỉ quan trọng, trong giờ ngày giao dịch, Giao dịch viên/Giao dịch viên quỹ thực hiện:","Nhập toàn bộ ấn chỉ quan trọng đã gửi kho tạm trên hệ thống IPCAS để sử dụng, in phiếu xuất kho tạm ấn chỉ lưu nhật ký chứng từ","Sắp xếp ấn chỉ quan trọng theo từng loại, ngăn nắp trong két sắt, tuyệt đối không để ấn chỉ quan trọng trên mặt bàn quầy gần với khách hàng","Sắp xếp ấn chỉ quan trọng theo từng loại, kiểm đếm và đối chiếu số lượng ấn chỉ quan trọng tồn thực tế và trên sổ sách kế toán, xuất ấn chỉ quan trọng đã gửi kho tạm trên hệ thống IPCAS để sử dụng, in phiếu xuất kho tạm, lưu nhật ký chứng từ","Xuất toàn bộ ấn chỉ quan trọng đã gửi kho tạm trên hệ thống IPCAS để sử dụng, in phiếu xuất kho tạm ấn chỉ lưu nhật ký chứng từ",2,điểm b khoản 1 Điều 13 Hướng dẫn số 16666/HD-NHNo-TCKT ngày 30/12/2023
132,"Đối với phòng giao dịch không có kho, vào cuối giờ giao dịch buổi sáng, Giao dịch viên/Giao dịch viên quỹ sau khi kiểm đếm, đối chiếu khớp đúng số lượng ấn chỉ tồn thực tế với số dư trên sổ sách thực hiện bảo quản ấn chỉ quan trọng ở đâu?",Kho tiền hoặc gian đệm,Két sắt có ít nhất 02 ổ khóa,Két sắt có 03 ổ khóa,Két sắt có ổ khóa,3,điểm c khoản 1 Điều 13 Hướng dẫn số 16666/HD-NHNo-TCKT ngày 30/12/2023
133,"Theo quy định về quản lý ấn chỉ quan trọng, thời hạn tiêu hủy ấn chỉ quan trọng hỏng là bao lâu?",Định kỳ 3 tháng/năm,Định kỳ 6 tháng/năm,"Định kỳ hàng tháng/quý/06 tháng/năm (tùy số lượng ấn chỉ quan trọng bị hỏng nhiều hay ít, thời hạn tiêu hủy do Giám đốc chi nhánh quyết định)","Định kỳ hàng quý/06 tháng/năm (tùy số lượng ấn chỉ quan trọng bị hỏng nhiều hay ít, thời hạn tiêu hủy do Giám đốc chi nhánh quyết định)",4,khoản 4 Điều 16 Hướng dẫn số 16666/HD-NHNo-TCKT ngày 30/12/2023
134,"Theo quy định của Agribank, khi ấn chỉ quan trọng bị mất, Chi nhánh loại I phải thông báo đến các chi nhánh loại I trong cùng hệ thống Agribank, đến NHNN và TCTD trên địa bàn tỉnh, thành phố trong thời gian bao lâu?",24 giờ kể từ thời điểm lập biên bản ghi nhận mất ấn chỉ quan trọng,36 giờ kể từ thời điểm lập biên bản ghi nhận mất ấn chỉ quan trọng,24 giờ kể từ thời điểm phát hiện mất ấn chỉ quan trọng,36 giờ kể từ thời điểm phát hiện mất ấn chỉ quan trọng,3,Khoản 4 Điều 15 Hướng dẫn số 16666/HD-NHNo-TCKT ngày 30/12/2023
135,"Trường hợp đơn giá của ấn chỉ quan trọng (đã bao gồm thuế) lẻ đến hào, xu, các đơn vị khi hạch toán ấn chỉ quan trọng thực hiện?","Ghi nhận đúng đơn giá của ấn chỉ quan trọng đến hào, xu","Ghi nhận theo đơn giá của ấn chỉ quan trọng đến đơn vị xu và làm tròn theo nguyên tắc từ 0,5 xu trở lên làm tròn số 01 (một) xu","Ghi nhận theo đơn giá của ấn chỉ quan trọng đến đơn vị hào và làm tròn theo nguyên tắc từ 0,5 hào trở lên làm tròn số 01 (một) hào","Ghi nhận theo đơn giá của ấn chỉ quan trọng đến đơn vị đồng và làm tròn theo nguyên tắc từ 0,5 đồng trở lên làm tròn số 01 (một) đồng",4,khoản 3 Điều 19 Hướng dẫn số 16666/HD-NHNo-TCKT ngày 30/12/2023
136,"Khi xuất ấn chỉ quan trọng phục vụ hoạt động kinh doanh không chịu thuế như sổ, thẻ tiết kiệm, thư bảo lãnh…,  chi nhánh hạch toán:","Nợ TK 809009 ""Chi phí khác""
Có TK 313001 ""Giấy tờ in quan trọng""","Nợ TK 861201 ""Giấy tờ in""
Có TK 313001 ""Giấy tờ in quan trọng""","Nợ TK 809009 ""Chi phí khác""
Có TK 313002 ""Giấy tờ in thông thường""",,1,điểm b khoản 2 Điều 21 Hướng dẫn số 16666/HD-NHNo-TCKT ngày 30/12/2023
137,"Trong quá trình bảo quản ấn chỉ quan trọng, nếu để xảy ra bị mất, thất lạc, chi nhánh phải thực hiện:","Làm rõ nguyên nhân, trách nhiệm của những cán bộ có liên quan để xử lý theo quy định của pháp luật, NHNN và Agribank.","Phong tỏa tài khoản của khách hàng (đăng ký tình trạng sổ tiết kiệm bị mất trên hệ thống IPCAS), phát hành lại ấn chỉ cho khách hàng theo quy định của Agribank.","Tìm hiểu nguyên nhân, làm rõ trách nhiệm của những người liên quan để xử lý theo quy định, đồng thời đăng ký quản lý tình trạng hỏng ấn chỉ quan trọng trên hệ thống IPCAS.",Đáp án 1 và 2.,1,Khoản 5 Điều 3 văn bản số 16666/HD-NHNo-TCKT ngày 30/12/2023
138,"Theo quy định tại văn bản số 16666 /HD-NHNo-TCKT ngày 30/12/2023 của Tổng Giám đốc, ấn chỉ quan trọng là gì?","Các loại giấy tờ in quan trọng nhưng chưa đưa ra sử dụng (chưa phát hành) bao gồm: thẻ/sổ tiết kiệm, séc, thư bảo lãnh, chứng chỉ tiền gửi, trái phiếu, kỳ phiếu, tín phiếu và các loại giấy tờ có giá khác theo quy định của pháp luật, Ngân hàng Nhà nước và Agribank.","Giấy nộp tiền, giấy gửi tiền, giấy rút tiền, giấy lĩnh tiền vay, ủy nhiệm chi, v.v... và in theo mẫu quy định của Agribank từng thời kỳ.","Ấn chỉ được in tại chi nhánh theo mẫu mã, quy cách do Trụ sở chính quy định, quản lý nhập, xuất, hạch toán như đối với các giấy tờ in thông thường.","Các loại giấy tờ in quan trọng đã được đưa ra sử dụng bao gồm: thẻ/sổ tiết kiệm, séc, thư bảo lãnh, chứng chỉ tiền gửi, trái phiếu, kỳ phiếu, tín phiếu và các loại giấy tờ có giá khác theo quy định của pháp luật, Ngân hàng Nhà nước và Agribank.",1,Khoản 1 Điều 2 văn bản số 16666 /HD-NHNo-TCKT ngày 30/12/2023
139,Chi nhánh loại I phải báo cáo/thông báo ấn chỉ quan trọng bị mất đến những đơn vị nào?,Trụ sở chính ,Các chi nhánh loại I trong cùng hệ thống Agribank,"Ngân hàng nhà nước và tổ chức tín dụng trên cùng địa bàn tỉnh, thành phố",Tất cả đáp án trên,4,Khoản 4 Điều 15 Hướng dẫn số 16666/HD-NHNo-TCKT ngày 30/12/2023
140,Tài khoản tiền mặt đang vận chuyển chỉ được tất toán khi nào?,Đơn vị nhận tiền nhận được tiền,Đơn vị điều chuyển đang vận chuyển tiền,Đơn vị điều chuyển nhận được báo có từ đơn vị nhận tiền,Đơn vị điều chuyển nhận được báo nợ từ đơn vị nhận tiền,3,khoản 4 Điều 6 Quy trình 169/QTr-NHNo-TCKT
141,"Nguyên tắc quản lý và sử dụng quỹ khen thưởng, gồm:","Việc sử dụng quỹ khen thưởng phải đúng mục đích, đúng đối tượng đảm bảo công khai, minh bạch phù hợp với thành tích, đóng góp của tập thể, cá nhân, đơn vị. Một kết quả, thành tích thi đua chỉ được khen thưởng một lần","Quỹ khen thưởng được quản lý tập trung toàn hệ thống và phân bổ một phần cho các đơn vị quản lý, sử dụng",Việc trích lập Quỹ khen thưởng tuân thủ theo quy định của nhà nước,Tất cả đáp án trên,4,Điều 3 Quyết định 242/QĐ-HĐTV-TCKT ngày 17/4/2019
142,Đối tượng áp dụng quy định quản lý và sử dụng Quỹ khen thưởng,"Cá nhân, đơn vị thuộc Agribank; Cá nhân, đơn vị ngoài Agribank có đóng góp hiệu quả vào hoạt động kinh doanh của Agribank.","Cá nhân, đơn vị ngoài Agribank có đóng góp hiệu quả vào hoạt động kinh doanh của Agribank.","Cá nhân, đơn vị thuộc Agribank",,1,Điều 2 Quyết định 242/QĐ-HĐTV-TCKT ngày 17/4/2019
143,Nhận định nào sau đây về việc trích lập Quỹ khen thưởng là đúng?,Quỹ khen thưởng Agribank được trích lập từ lợi nhuận sau thuế thu nhập doanh nghiệp trên báo cáo tài chính đã được kiểm toán hàng năm bởi công ty kiểm toán độc lập,Quỹ khen thưởng Agribank được trích lập từ lợi nhuận trước thuế thu nhập doanh nghiệp trên báo cáo tài chính đã được kiểm toán hàng năm bởi công ty kiểm toán độc lập,Quỹ khen thưởng Agribank được trích lập từ lợi nhuận sau thuế thu nhập doanh nghiệp trên báo cáo tài chính nội bộ hàng năm,Quỹ khen thưởng Agribank được trích lập từ lợi nhuận sau thuế thu nhập doanh nghiệp trên báo cáo tài chính bán niên đã được kiểm toán hàng năm bởi công ty kiểm toán độc lập,1,Khoản 1 Điều 4 Quyết định 242/QĐ-HĐTV-TCKT ngày 17/4/2020
144,Cấp có thẩm quyền quyết định tỷ lệ phân bổ Quỹ khen thưởng Agribank?,Kế toán trưởng,Tổng Giám đốc,Phó Tổng Giám đốc phụ trách Thi đua khen thưởng,Hội đồng thành viên,4,Khoản 2 Điều 4 Quyết định 242/QĐ-HĐTV-TCKT ngày 17/4/2020
145,"Sử dụng quỹ khen thưởng của chi nhánh, gồm: ","Thưởng cho tập thể, cá nhân có thành tích trong các phong trào thi đua hoàn thành nhiệm vụ kinh doanh do chi nhánh phát động","Thưởng đột xuất cho tập thể, cá nhân thuộc chi nhánh, các đơn vị ngoài hệ thống Agribank có thành tích hỗ trợ chi nhánh trong hoạt động kinh doanh",Chi khen thưởng khác phù hợp quy định của pháp luật và Agribank,Tất cả đáp án trên,4,Khoản 3 Điều 6 Quyết định 242/QĐ-HĐTV-TCKT ngày 17/4/2020
146,Nhận định đúng về sử dụng quỹ khen thưởng của Trụ sở chính?,"Thưởng cho các cá nhân tại Trụ sở chính tham gia, đóng góp có hiệu quả vào công tác chỉ đạo, điều hành, công tác chuyên môn nghiệp vụ hằng năm.","Thưởng cho các tập thể, cá nhân tại chi nhánh tham gia, đóng góp có hiệu quả vào công tác chỉ đạo, điều hành, công tác chuyên môn nghiệp vụ hằng năm.","Thưởng cho các cá nhân, tập thể tại Trụ sở chính tham gia, đóng góp có hiệu quả vào công tác chỉ đạo, điều hành, công tác chuyên môn nghiệp vụ hằng năm.","Thưởng cho các tập thể tại Trụ sở chính tham gia, đóng góp có hiệu quả vào công tác chỉ đạo, điều hành, công tác chuyên môn nghiệp vụ hằng năm.",3,Khoản 2 Điều 6 Quyết định 242/QĐ-HĐTV-TCKT ngày 17/4/2020
147,Thẩm quyền của Tổng Giám đốc sử dụng Quỹ khen thưởng Trụ sở chính  để thưởng đột xuất cho tập thể số tiền tối đa là bao nhiêu?,300 triệu đồng,500 triệu đồng,700 triệu đồng,01 tỷ đồng,2,"Khoản 3b, điều 7 VB 242/QĐ-HĐTV-TCKT"
148,Thẩm quyền của Chủ tịch Hội đồng thành viên sử dụng Quỹ khen thưởng chung của Agribank để thưởng đột xuất cho tập thể số tiền tối đa là bao nhiêu?,300 triệu đồng,500 triệu đồng,700 triệu đồng,01 tỷ đồng,4,Khoản 2 Điều 7 Quyết định 242/QĐ-HĐTV-TCKT ngày 17/4/2020
149,"Giám đốc chi nhánh loại I được sử dụng Quỹ khen thưởng chi nhánh để thưởng đột xuất cho tập thể, cá nhân thuộc chi nhánh như thế nào?",Tổng mức khen thưởng bằng 25% Quỹ khen thưởng được phân bổ hằng năm của chi nhánh nhưng không quá 300 triệu đồng,Tổng mức khen thưởng bằng 25% Quỹ khen thưởng được phân bổ hằng năm của chi nhánh nhưng không quá 500 triệu đồng,Tổng mức khen thưởng bằng 50% Quỹ khen thưởng được phân bổ hằng năm của chi nhánh nhưng không quá 300 triệu đồng,Tổng mức khen thưởng bằng 50% Quỹ khen thưởng được phân bổ hằng năm của chi nhánh nhưng không quá 500 triệu đồng,1,Khoản 4 Điều 7 Quyết định 242/QĐ-HĐTV-TCKT ngày 17/4/2020
150,"Thời gian thanh quyết toán đề tài nghiên cứu khoa học được quyết toán một lần, chậm nhất trong vòng bao nhiêu tháng kể từ ngày hoàn thành hoặc tạm dừng đề tài theo quyết định của người có thẩm quyền?",01 tháng,03 tháng,04 tháng,06 tháng,4,tiết b điểm 1.3 khoản 1 Điều 8 QĐ số 2668/QĐ-NHNo-TCKT ngày 11/12/2019
151,Khoản mục nào sau đây được thanh toán chung cho đoàn công tác nước ngoài?,"Tiền cước hành lý, tài liệu mang theo phục vụ cho đợt công tác",Tiền thuê phương tiện đi làm việc hàng ngày tại nước đến công tác,"Tiền điện thoại, fax, internet",Tất cả đáp án trên,4,điểm 4.2 khoản 4 Điều 5 QĐ số 2668/QĐ-NHNo-TCKT ngày 11/12/2019
152,"Theo quy định về chi tiêu nội bộ, các đơn vị tổ chức khám sức khỏe cho cán bộ Agribank thực hiện:","Tổ chức khám sức khỏe định kỳ, tập trung cho toàn thể cán bộ",Cán bộ tự khám sức khỏe theo định kỳ và thanh toán chi phí tại đơn vị,Đáp án 1 hoặc 2,,1,tiết a điểm 2.1 khoản 2 Điều 16 QĐ số 2668/QĐ-NHNo-TCKT ngày 11/12/2019
153,"Đối với các chương trình tập huấn (không kết hợp họp hội nghị), bồi dưỡng, cập nhật kiến thức, kỹ năng nghiệp vụ, đơn vị thực hiện mức chi như thế nào?",Theo mức chi đào tạo,Theo mức chi Hội nghị,Đáp án 1 hoặc 2,,1,điểm 3.1 khoản 3 Điều 7 QĐ số 2668/QĐ-NHNo-TCKT ngày 11/12/2019
154,"Thời gian tổ chức hội nghị đối với trường hợp lồng ghép, kết hợp các nội dung sơ kết, tổng kết với tập huấn nghiệp vụ:","Thời gian của hội nghị được tính bằng tổng thời gian từng loại hội nghị, nhưng tối đa 03 ngày cho 1 lần tổ chức","Thời gian của hội nghị được tính bằng tổng thời gian từng loại hội nghị, nhưng tối đa 05 ngày cho 1 lần tổ chức","Thời gian của hội nghị được tính bằng tổng thời gian từng loại hội nghị, nhưng tối đa 05 ngày làm việc cho 1 lần tổ chức",Không quy định,2,"Tiết b, Điểm 2.2 Khoản 2 Điều 6 QĐ số 2668/QĐ-NHNo-TCKT ngày 11/12/2019"
155,Agribank không chi ăn giữa ca trong trường hợp:,"Ngày không làm việc, ngày làm việc không đủ số giờ làm việc tiêu chuẩn (dưới 50% số giờ làm việc bình thường của ngày làm việc)","Nghỉ phép, nghỉ bù, nghỉ không hưởng lương, nghỉ hưởng Bảo hiểm xã hội khác",Tham dự các lớp đào tạo tập trung của Agribank (hoặc đơn vị ngoài Agribank mà chi phí tham dự đã bao gồm tiền ăn trưa) có thời gian trên 5 ngày đào tạo,Tất cả đáp án trên,4,Điểm 1.3 Khoản 1 Điều 15 QĐ số 2668/QĐ-NHNo-TCKT ngày 11/12/2019
156,Khoản thu nhập nào sau đây được ghi nhận là doanh thu từ hoạt động kinh doanh của Agribank?,Thu nhập lãi và các khoản thu nhập tương tự,Thu từ hoạt động kinh doanh chứng khoán (trừ cổ phiếu),"Thu từ hoạt động góp vốn, chuyển nhượng phần vốn góp, cổ phần",Tất cả đáp án trên đều đúng,4,khoản 2 Điều 16 Quyết định 341/QĐ-NHNN ngày 06/3/2024
157,"Đối với tài sản cố định thuê tài chính, Agribank phải thực hiện những công việc nào sau đây?","Tổ chức theo dõi, hạch toán, quản lý, sử dụng, trích khấu hao như đối với tài sản cố định thuộc sở hữu của Agribank trong suốt thời gian thuê và phải thực hiện đầy đủ nghĩa vụ đã cam kết trong hợp đồng thuê tài chính tài sản cố định.","Tổ chức theo dõi, hạch toán, quản lý, sử dụng và không phải trích khấu hao tài sản cố định thuê tài chính như đối với tài sản cố định thuộc sở hữu của Agribank trong suốt thời gian thuê.","Tổ chức theo dõi, quản lý, sử dụng và phải thực hiện đầy đủ nghĩa vụ đã cam kết trong hợp đồng thuê tài chính tài sản cố định.","Tổ chức theo dõi, hạch toán, quản lý, sử dụng và trích khấu hao như đối với tài sản cố định thuộc sở hữu của Agribank trong suốt thời gian thuê",1,điểm b khoản 1 Điều 8 Quyết định 341/QĐ-NHNN ngày 06/3/2024
158,"Trong điều kiện hoạt động kinh doanh có lãi,  để đổi mới công nghệ, Agribank được áp dụng mức trích khấu hao nhanh tối đa là bao nhiêu đối với các tài sản cố định (máy móc, thiết bị; dụng cụ làm việc đo lường, thí nghiệm; thiết bị và phương tiện vận tải; dụng cụ quản lý)?",Không được trích khấu hao nhanh,Tối đa không quá 2 lần mức trích khấu hao được xác định theo phương pháp đường thẳng,"Tối đa không quá 2,5 lần mức trích khấu hao được xác định theo phương pháp đường thẳng",Tối đa không quá 3 lần mức trích khấu hao được xác định theo phương pháp đường thẳng,2,Khoản 1 Điều 11 Quyết định 341/QĐ-NHNN ngày 06/3/2024
159,"Theo quy định tại Quy chế tài chính của Agribank, Chi nhánh Agribank ở nước ngoài thực hiện kết chuyển lợi nhuận về Trụ sở chính như thế nào?",Kết chuyển 100% kết quả kinh doanh (doanh thu trừ chi phí) về Trụ sở chính,Kết chuyển 100% phần lợi nhuận thu được về Trụ sở chính nếu kinh doanh có lãi,Kết chuyển kết quả kinh doanh về Trụ sở chính theo quy định của Agribank từng thời kỳ phù hợp với quy định của pháp luật Việt Nam,Kết chuyển kết quả kinh doanh về Trụ sở chính theo quy định của Agribank từng thời kỳ phù hợp với quy định của pháp luật Việt Nam và pháp luật nước sở tại (sau khi thực hiện đầy đủ các nghĩa vụ thuế theo quy định tại nước sở tại),4,điểm b khoản 1 Điều 22 Quyết định 341/QĐ-NHNN ngày 06/3/2024
160,"Theo quy định tại Quy chế tài chính của Agribank, Quỹ đầu tư phát triển dùng để:","Đầu tư mở rộng quy mô hoạt động kinh doanh và đổi mới công nghệ trang thiết bị, điều kiện làm việc của Agribank","Đầu tư đổi mới công nghệ trang thiết bị, điều kiện làm việc của Agribank","Đầu tư đổi mới công nghệ trang thiết bị, điều kiện làm việc của Agribank và bổ sung vốn điều lệ cho Agribank","Đầu tư mở rộng quy mô hoạt động kinh doanh và đổi mới công nghệ trang thiết bị, điều kiện làm việc của Agribank và bổ sung vốn điều lệ cho Agribank",4,khoản 3 Điều 23 Quyết định 341/QĐ-NHNN ngày 06/3/2024
161,"Đối với chi hỗ trợ hoạt động đoàn thể, mức hỗ trợ đối với phụ cấp trách nhiệm/phụ cấp chức vụ được xác định:",Mức chi hỗ trợ tối đa bằng hệ số phụ cấp được hưởng (theo quy định của tổ chức đoàn thể) x mức lương tối thiểu vùng,Mức chi hỗ trợ tối đa bằng mức chi theo quy định của tổ chức đoàn thể,Mức chi hỗ trợ tối đa bằng lương bình quân thực nhận hàng tháng,,2,Khoản 3 Điều 1 Quy định số 3456/QyĐ-NHNo-TCKT ngày 29/12/2023
162,"Đối tượng chi hỗ trợ một phần chi phí gửi trẻ tại nhà trẻ, lớp mẫu giáo:","Con của cán bộ (con đẻ, con nuôi hợp pháp) trong độ tuổi gửi trẻ, mẫu giáo (từ 6 tháng tuổi đến 6 tuổi)","Con của cán bộ (con đẻ, con nuôi hợp pháp) trong độ tuổi gửi trẻ, mẫu giáo (từ 6 tháng tuổi đến 5 tuổi)","Con của cán bộ (con đẻ, con nuôi hợp pháp) trong độ tuổi gửi trẻ, mẫu giáo (từ 1 tuổi đến 5 tuổi)","Con của cán bộ (con đẻ, con nuôi hợp pháp) trong độ tuổi gửi trẻ, mẫu giáo (từ 1 tuổi đến 6 tuổi)",1,Tiết d Khoản 7 Điều 1 Quy định số 3456/QyĐ-NHNo-TCKT ngày 29/12/2023
163,Lãi dồn tích trước khi mua đối với chứng khoán Nợ giữ đến ngày đáo hạn được xử lý như thế nào?,Hạch toán vào tài khoản doanh thu chờ phân bổ,Ghi nhận vào thu nhập của Agribank theo phương pháp cộng dồn,"Hạch toán ghi giảm giá trị của chính chứng khoán đó, đối ứng với tài khoản lãi phải thu",,3,Khoản 4 Mục IV văn bản số 3819/NHNo-TCKT ngày 30/7/2010 của Tổng Giám đốc
164,"Giá trị chiết khấu, phụ trội của chứng khoán chỉ phát sinh khi Agribank mua loại chứng khoán nào sau đây?",Chứng khoán kinh doanh và chứng khoán sẵn sàng để bán,Chứng khoán Nợ sẵn sàng để bán và chứng khoán giữ đến ngày đáo hạn,Chứng khoán kinh doanh và chứng khoán đầu tư dài hạn khác,,2,"Khoản 16, 17 Mục II văn bản số 3819/NHNo-TCKT ngày 30/7/2010 của Tổng Giám đốc"
165,Định nghĩa nào sau đây về chứng khoán sẵn sàng để bán là đúng?,"Là chứng khoán Nợ, Agribank nắm giữ với mục đích đầu tư sẵn sàng để bán, không thuộc chứng khoán mua vào bán ra thường xuyên nhưng có thể mua vào bán ra bất cứ lúc nào xét thấy có lợi.","Là chứng khoán Nợ hoặc Vốn, được Agribank nắm giữ với mục đích đầu tư sẵn sàng để bán, không thuộc loại chứng khoán mua vào bán ra thường xuyên nhưng có thể bán ra bất cứ lúc nào xét thấy có lợi.","Là chứng khoán Nợ, chứng khoán Vốn, Agribank nắm giữ với mục đích hưởng chênh lệch giá, không thuộc chứng khoán mua vào bán ra thường xuyên nhưng có thể mua vào bán ra bất cứ lúc nào xét thấy có lợi.",Đáp án 1 và 2 đều đúng.,2,Khoản 6 Mục II văn bản số 3819/NHNo-TCKT ngày 30/7/2010 của Tổng Giám đốc
166,Đối tượng nào sau đây không được bố trí làm Thủ kho tiền/Thủ quỹ?,"Vợ hoặc chồng, bố, mẹ, con đẻ, con nuôi, anh, chị, em ruột (kể cả anh, chị, em ruột vợ hoặc chồng) của Trưởng Phòng Kiểm tra, giám sát nội bộ","Vợ hoặc chồng, bố, mẹ, con đẻ, con nuôi, anh, chị, em ruột (kể cả anh, chị, em ruột vợ hoặc chồng) của Giám đốc, Phó Giám đốc","Anh, chị, em họ của Giám đốc, Phó Giám đốc","Anh, chị, em họ của Trưởng phòng Kế toán",2,Khoản 1 Điều 20 Quy định số 4368/QyĐ-NHNo-TCKT ngày 25/12/2024
167,Nguyên giá TSCĐ thuê tài chính bao gồm:,Giá trị của tài sản thuê tại thời điểm khởi đầu thuê tài sản,Chi phí trực tiếp phát sinh ban đầu liên quan đến hoạt động thuê tài chính,Đáp án 1 và 2,,3,Khoản 3.3 mục I phần 2 văn bản 4389/NHNo-TCKT ngày 21/6/2013
168,Thời gian trích khấu hao đối với TSCĐ vô hình là giá trị quyền sử dụng đất có thời hạn?,Thời gian được phép sử dụng đất của đơn vị,Không phải trích khấu hao,Đáp án 1 và 2 đều đúng,Đáp án 1 và 2 đều sai,1,Khoản 2 mục II phần 2 văn bản 4389/NHNo-TCKT ngày 21/6/2013
169,Các nhóm TSCĐ hữu hình của Agribank gồm:,Máy móc thiết bị,"Thiết bị, phương tiện vận tải; dụng cụ quản lý","Nhà cửa, vật kiến trúc và TSCĐ hữu hình khác",Tất cả đáp án trên,4,Phụ lục 1 văn bản 4389/NHNo-TCKT ngày 21/6/2014
170,Các nhóm TSCĐ vô hình của Agribank gồm:,Quyền sử dụng đất,"Phần mềm tin học phục vụ quản lý, phần mềm IPCAS",TSCĐ vô hình khác,Tất cả đáp án trên,4,Phụ lục 1 văn bản 4389/NHNo-TCKT ngày 21/6/2015
171,Nguyên tắc quản lý TSCĐ,"TSCĐ đều phải đăng nhập, hạch toán, quản lý và theo dõi chi tiết trên IPCAS","TSCĐ phải được quản lý theo nguyên giá, số hao mòn lũy kế và giá trị còn lại trên sổ sách kế toán",Mỗi TSCĐ có thẻ TSCĐ riêng,Tất cả đáp án trên,4,Khoản 5 phần 2 văn bản 4389/NHNo-TCKT ngày 21/6/2013
172,Agribank đang thực hiện trích khấu hao tài sản cố định định kỳ theo:,Tháng,Quý,Năm,Tất cả đáp án trên,2,Khoản 2 Mục VI Phần 2 Văn bản số 4389/NHNo-TCKT ngày 21/6/2013
173,Tài sản cố định nào sau đây không phải trích khấu hao?,Tài sản cố định đã khấu hao hết giá trị nhưng vẫn đang sử dụng vào hoạt động kinh doanh,"Tài sản cố định không được quản lý, theo dõi, hạch toán trong sổ sách kế toán của đơn vị",Tài sản cố định vô hình là quyền sử dụng đất lâu dài có thu tiền sử dụng đất hoặc nhận chuyển nhượng quyền sử dụng đất lâu dài hợp pháp,Tất cả đáp án trên,4,Mục II Phần 2 Văn bản số 4389/NHNo-TCKT ngày 21/6/2013
174,Hao mòn tài sản cố định là gì?,Là tổng cộng giá trị hao mòn của tài sản cố định tính đến thời điểm báo cáo.,"Là sự giảm dần giá trị sử dụng và giá trị của tài sản cố định do tham gia vào hoạt động kinh doanh, do bào mòn của tự nhiên, do tiến bộ kỹ thuật … trong quá trình hoạt động của tài sản cố định.",Là việc tính toán và phân bổ một cách có hệ thống nguyên giá của tài sản cố định vào chi phí kinh doanh trong thời gian khấu hao của tài sản cố định.,Là thời gian cần thiết mà doanh nghiệp thực hiện việc trích khấu hao tài sản cố định để thu hồi vốn đầu tư tài sản cố định.,2,Mục II Phần 1 Văn bản số 4389/NHNo-TCKT ngày 21/6/2013
175,Thời gian trích khấu hao của tài sản cố định theo quy định tại văn bản 4389/NHNo-TCKT ngày 21/6/2013 đối với máy tính xách tay là bao nhiêu năm?,3,6,9,12,1,Phụ lục 1 Văn bản số 4389/NHNo-TCKT ngày 21/6/2013
176,Thời gian trích khấu hao của tài sản cố định theo quy định tại văn bản 4389/NHNo-TCKT ngày 21/6/2013 đối với xe ô tô dưới 9 chỗ là bao nhiêu năm?,3,6,9,12,2,Phụ lục 1 Văn bản số 4389/NHNo-TCKT ngày 21/6/2013
177,Thời gian trích khấu hao của tài sản cố định theo quy định tại văn bản 4389/NHNo-TCKT ngày 21/6/2013 đối với nhà làm việc cấp II là bao nhiêu năm?,10,15,20,25,4,Phụ lục 1 Văn bản số 4389/NHNo-TCKT ngày 21/6/2013
178,Thời gian trích khấu hao của tài sản cố định theo quy định tại văn bản 4389/NHNo-TCKT ngày 21/6/2013 đối với cửa kho tiền là bao nhiêu năm?,3,5,9,12,2,Phụ lục 1 Văn bản số 4389/NHNo-TCKT ngày 21/6/2013
179,Tài sản cố định sử dụng trong các hoạt động phúc lợi phục vụ người lao động của đơn vị mà không tham gia vào hoạt động sản xuất kinh doanh có phải trích khấu hao?,Có,Không,,,2,Mục II Phần 2 Văn bản số 4389/NHNo-TCKT ngày 21/6/2013
180,Tài sản cố định nào phải trích khấu hao theo quy định tại văn bản 4389/NHNo-TCKT ngày 21/6/2013?,Tài sản cố định vô hình là quyền sử dụng đất lâu dài có thu tiền sử dụng đất hoặc nhận chuyển nhượng quyền sử dụng đất lâu dài hợp pháp.,Tài sản cố định từ nguồn viện trợ không hoàn lại sau khi được cơ quan có thẩm quyền bàn giao cho đơn vị để phục vụ công tác nghiên cứu khoa học.,Tài sản cố định bị mất chưa hết khấu hao.,Tài sản cố định sử dụng trong các hoạt động phúc lợi phục vụ cho người lao động của đơn vị có tham gia hoạt động sản xuất kinh doanh.,4,Mục II Phần 2 Văn bản số 4389/NHNo-TCKT ngày 21/6/2013
181,"Để phản ánh các khoản chiết khấu công cụ chuyển nhượng và giấy tờ có giá, Agribank sử dụng loại tài khoản nào?",Tài khoản loại 1: Vốn khả dụng và các khoản đầu tư.,Tài khoản loại 3: Tài sản cố định và tài sản có khác.,Tài khoản loại 2: hoạt động tín dụng.,Tài khoản loại 4: các khoản phải trả,3,"Mục III, Quyết định 479/QĐ/NHNo-TCKT ngày 21/5/2014"
182,"Để phản ánh số tiền Agribank bảo lãnh trả thay khách hàng trong trường hợp khách hàng được bảo lãnh không thực hiện được nghĩa vụ của mình khi đến hạn thanh toán, Agribank sử dụng loại tài khoản nào?",Tài khoản loại 2: hoạt động tín dụng.,Tài khoản loại 3: Tài sản cố định và tài sản có khác.,Tài khoản loại 5: hoạt động thanh toán.,Tài khoản loại 4: các khoản phải trả.,1,"Mục III, Quyết định 479/QĐ/NHNo-TCKT ngày 21/5/2014"
183,Tài khoản cấp V trong bảng cân đối kế toán của Agribank bao gồm bao nhiêu ký tự (chữ số)?,3 ký tự,4 ký tự,5 ký tự,6 ký tự,4,"Mục I, Quyết định 479/QĐ/NHNo-TCKT ngày 21/5/2014"
184,"Dịch vụ bảo quản tài sản, cho thuê tủ két an toàn bao gồm các tài sản gì?",Tài sản quý, Giấy tờ có giá,Tài liệu quan trọng,Tất cả đáp án trên,4,Khoản 1 Điều 4 Quyết định số 5039/QĐ-NHNo-TTKQ 29/12/2016
185,Tín hiệu báo động khẩn cấp tại chi nhánh Agribank được kết nối với ai?,Số điện thoại của cán bộ có liên quan và Công an sở tại gần nhất.,Doanh trại quân đội đóng trên địa bàn.,Ngân hàng nhà nước trên địa bàn.,Tất cả đáp án trên,1,"Điểm b, Khoản 1, mục II văn bản 6132/NHNo-TCKT ngày 09/5/2024"
186,"Việc ban hành Nội quy, Quy định việc theo dõi và xử lý các tình huống khi nhận tín hiệu sự cố xảy ra đối với các thiết bị an toàn kho quỹ quy định tại văn bản nào? ",Văn bản số 985/NHNo-TTKQ ngày 24/02/2017,Quyết định số 4106/QĐ-NHNo-TTKQ ngày 29/12/2017, Văn bản số 6132/NHNo-TCKT  ngày 09/5/2024,Văn bản số 7260/NHNo-TTKQ ngày 27/07/2018,3,"điểm a, mục 2, Phần II Văn bản số 6132/NHNo-TCKT  ngày 09/5/2024"
187,Nhận định nào sau đây về quản lý công cụ dụng cụ (CCDC) đúng?,"CCDC phải đăng ký quản lý thống nhất trên IPCAS theo từng mã loại, từng nhóm CCDC",CCDC không phải đăng ký quản lý trên IPCAS,"CCDC phải đăng ký quản lý thống nhất trên IPCAS nhưng không cần theo từng mã loại, từng nhóm CCDC",,1,Khoản 3 phần 2 văn bản 6716/NHNo-TCKT
188,Nhận định nào sau đây đúng?,"CCDC phải được nhập kho trước khi xuất dùng, quản lý chi tiết theo từng phòng/ban, người sử dụng","CCDC không phải nhập kho, xuất kho","CCDC được nhập kho trước khi xuất dùng, không cần thiết theo dõi theo từng người sử dụng",,1,Khoản 5 phần 2 văn bản 6716/NHNo-TCKT
189,"Khi xuất dùng Công cụ dụng cụ từ 15 triệu đồng đến dưới 30 triệu đồng, thời gian sử dụng trong nhiều kỳ kế toán, Agribank thực hiện:",Hạch toán 100% vào chi phí tại đơn vị,Hạch toán phân bổ vào chi phí trong thời gian 2 năm,Hạch toán phân bổ vào chi phí tại đơn vị trong thời gian 3 năm,Hạch toán phân bổ vào chi phí tại đơn vị trong thời gian 4 năm,3,"Khoản 6 mục II văn bản 6716/NHNo-TCKT ngày 28/8/2013, được sửa đổi bởi khoản 2  văn bản 6436/NHNo-TCKT ngày 24/9/2014"
190,"Đối với nghiệp vụ mua bán giao ngay (thanh toán trong vòng 2 ngày làm việc tiếp theo kể từ ngày giao dịch), tại ngày thực hiện hợp đồng mua/bán ngoại tệ giao ngay, thực hiện hạch toán:",Hạch toán số tiền ngoại tệ mua/bán và số tiền VND thanh toán/thu vào và đánh giá kết quả kinh doanh theo tỷ giá cơ bản,Hạch toán xuất cam kết mua/bán ngoại tệ giao ngay (tài khoản ngoại bảng),Đáp án 1 và 2 ,,3,Tiết 3 Điểm II Khoản A Mục II Phần II Văn bản số 7831/NHNo-TCKT ngày 19/11/2014 của Tổng Giám đốc
191,"Đối với giao dịch kỳ hạn bán ngoại tệ, thanh toán VND, tại ngày bắt đầu hiệu lực hợp đồng, xác định giao dịch lãi (ghi nhận thu nhập) khi:",Tỷ giá bán kỳ hạn nhỏ hơn tỷ giá bán giao ngay, Tỷ giá mua kỳ hạn lớn hơn tỷ giá mua giao ngay, Tỷ giá bán kỳ hạn lớn hơn tỷ giá bán giao ngay, Tỷ giá bán kỳ hạn lớn hơn tỷ giá cơ bản,3,"Điểm 2 Khoản III, Mục I Phần II văn bản số 7831/NHNo-TCKT ngày 19/11/2014"
192,"Đối với giao dịch kỳ hạn mua ngoại tệ, thanh toán VND, tại ngày bắt đầu hiệu lực hợp đồng, xác định giao dịch lãi (ghi nhận thu nhập) khi:",Tỷ giá mua kỳ hạn nhỏ hơn tỷ giá mua giao ngay, Tỷ giá mua kỳ hạn lớn hơn tỷ giá mua giao ngay, Tỷ giá mua kỳ hạn lớn hơn tỷ giá cơ bản, Tỷ giá mua kỳ hạn nhỏ hơn tỷ giá bán giao ngay,1,"Điểm 1 Khoản III, Mục I Phần II văn bản số 7831/NHNo-TCKT ngày 19/11/2014"
193,Thực hiện kết chuyển các khoản chênh lệch tỷ giá trong kinh doanh hối đoái vào các tài khoản thu nhập/chi phí kinh doanh ngoại tệ vào thời điểm nào?,Cuối tháng,Cuối Quý,Cuối năm,,3,Khoản 6 điểm I Mục I Phần II văn bản số 7831/NHNo-TCKT ngày 19/11/2014 
194,"Đối với các giao dịch mua, bán ngoại tệ theo cam kết (hợp đồng), việc thanh toán được thực hiện trong vòng 02 ngày kể từ ngày giao dịch mua bán, ngoại tệ, đơn vị hạch toán:",Theo dõi ngoại bảng cam kết mua/bán ngoại tệ giao ngay,Không phải theo dõi ngoại bảng cam kết mua/bán ngoại tệ giao ngay,,,1,Khoản 3 điểm II phần A mục II văn bản số 7831/NHNo-TCKT ngày 19/11/2014
195,Tỷ giá áp dụng khi đánh giá kết quả kinh doanh ngoại tệ giao ngay trong ngày?,Tỷ giá cơ bản,Tỷ giá mua/bán,Tỷ giá cuối tháng,Tỷ giá mua/bán thực tế và tỷ giá cơ bản,4,Khoản 4 điểm II phần A mục II văn bản số 7831/NHNo-TCKT ngày 19/11/2014
196,"Đối với giao dịch mua bán ngoại tệ kỳ hạn, tại ngày hiệu lực hợp đồng, hạch toán vào thu nhập (TK 723002) hoặc chi phí (TK 823002):",Phần chênh lệch giữa tỷ giá kỳ hạn và tỷ giá thực tế giao ngay,Phần chênh lệch giữa tỷ giá kỳ hạn và tỷ giá cơ bản,Phần chênh lệch giữa tỷ giá kỳ hạn và tỷ giá cuối tháng,,1,Tiết a khoản 4 điểm II phần B Mục II văn bản số 7831/NHNo-TCKT ngày 19/11/2014
197,Đối tượng áp dụng Quy chế quản lý và sử dụng Quỹ phúc lợi ?,"Đơn vị , cá nhân trong hệ thống Agribank, bao gồm người quản lý, thành viên Ban Kiểm soát","Người lao động tại Agribank đã nghỉ hưu, nghỉ mất sức",Đơn vị cá nhân liên quan khác ngoài Agribank,Tất cả đáp án trên,4,Điều 2 Quyết định 909/QĐ-HĐTV-TCKT ngày 31/12/2021
198,Nhận định về việc sử dụng Quỹ phúc lợi nào sau đây đúng nhất?,"Việc sử dụng quỹ phúc lợi phải đúng mục đích, đúng đối tượng, đảm bảo công khai, dân chủ, minh bạch","Việc sử dụng quỹ phúc lợi phải đúng mục đích, đúng đối tượng, đảm bảo công khai, dân chủ, minh bạch, có sự tham gia của Ban Chấp hành công đoàn cùng cấp","Việc sử dụng quỹ phúc lợi phải đúng mục đích, đúng đối tượng, có sự tham gia của Công đoàn","Việc sử dụng quỹ phúc lợi phải đảm bảo công khai, dân chủ, minh bạch.",2,Khoản 3 Điều 3 Quyết định 909/QĐ-HĐTV-TCKT ngày 31/12/2021
199,Quỹ phúc lợi tại Chi nhánh loại I sử dụng để:,"Chi cho hoạt động thể thao, văn hóa, phúc lợi công cộng của tập thể người lao động tại chi nhánh","Chi trợ cấp thường xuyên, đột xuất cho người lao động",Chi cho các hoạt động phúc lợi khác tại chi nhánh,Tất cả đáp án trên,4,Khoản 4 Điều 6 Quyết định 909/QĐ-HĐTV-TCKT ngày 31/12/2022
200,"Nguyên tắc phân bổ quỹ phúc lợi đến Trụ sở chính, chi nhánh loại I",Theo bình quân/người trên số lao động thực tế trong định biên tại thời điểm phân bổ,Theo bình quân/người trên số lao động kế hoạch trong định biên tại thời điểm phân bổ,Theo bình quân/người trên số lao động kế hoạch tại thời điểm phân bổ,Theo bình quân/người trên số lao động thực tế trong định biên của năm trước liền kề,1,Khoản 2c Điều 5 Quyết định 909/QĐ-HĐTV-TCKT ngày 31/12/2022
201,"Quy định 936/QyĐ-HĐTV-TCKT ngày 02/8/2024 về phân cấp thẩm quyền quyết định một số khoản chi phí dịch vụ thuê ngoài và hoạt động quản lý, công vụ áp dụng đối với các khoản chi phí thuê dịch vụ nào sau đây?","Dịch vụ quảng cáo, truyền thông","Dịch vụ in ấn, xuất bản tài liệu","Dịch vụ vệ sinh, an ninh bảo vệ và các dịch vụ lao động thuê ngoài khác",Tất cả đáp án trên,4,Khoản 1 Điều 4 Quyết định số 936/QĐ-HĐTV-TCKT ngày 02/8/2024
202,"Quy định 936/QyĐ-HĐTV-TCKT ngày 02/8/2024 về phân cấp thẩm quyền quyết định một số khoản chi phí dịch vụ thuê ngoài và hoạt động quản lý, công vụ KHÔNG áp dụng đối với các khoản chi phí thuê dịch vụ nào sau đây:",Chi hoa hồng cho vay thông qua tổ vay vốn theo văn bản 02/NHNo-TCKT ngày 03/01/2017 ,Chi tư vấn pháp lý thu hồi nợ xấu theo Quyết định 191/QĐ-HĐTV-TCKT ngày 27/2/2018,Chi dịch vụ xử lý nợ của AMC theo Quy chế 208/QC-HĐTV-TD ngày 12/4/2023,Tất cả đáp án trên,4,Khoản 2 Điều 1 Quyết định số 936/QĐ-HĐTV-TCKT ngày 02/8/2024
203,"Quy định 936/QyĐ-HĐTV-TCKT ngày 02/8/2024 về phân cấp thẩm quyền quyết định một số khoản chi phí dịch vụ thuê ngoài và hoạt động quản lý, công vụ áp dụng đối với các khoản chi phí hoạt động quản lý và công vụ nào sau đây:","Mua tài liệu, sách báo","Hoạt động tiếp thị, khuyến mại",Đáp án 1 và 2 đều đúng,,3,Khoản 2 Điều 4 Quyết định số 936/QĐ-HĐTV-TCKT ngày 02/8/2024
204,"Khoản chi nào áp dụng phân cấp thẩm quyền quyết định chi phí theo Quy định 936/QyĐ-HĐTV-TCKT ngày 02/8/2024 về phân cấp thẩm quyền quyết định một số khoản chi phí dịch vụ thuê ngoài và hoạt động quản lý, công vụ?",Dịch vụ khám sức khỏe định kỳ cho cán bộ,Dịch vụ ủy thác và đại lý,Dịch vụ kiểm toán báo cáo tài chính hằng năm,Dịch vụ sửa chữa tài sản,2,Khoản 2 Điều 1 Quyết định số 936/QĐ-HĐTV-TCKT ngày 02/8/2024
205,"Khoản chi nào KHÔNG áp dụng phân cấp thẩm quyền quyết định chi phí theo Quy định 936/QyĐ-HĐTV-TCKT ngày 02/8/2024 về phân cấp thẩm quyền quyết định một số khoản chi phí dịch vụ thuê ngoài và hoạt động quản lý, công vụ:","Chi dịch vụ ủy thác, đại lý",Chi dịch vụ quản lý tài sản,"Chi dịch vụ vận tải, vận chuyển hàng hóa","Chi bồi dưỡng hoạt động kho, quỹ",4,Khoản 2 Điều 1 Quyết định số 936/QĐ-HĐTV-TCKT ngày 02/8/2024
206,Khoản chi nào sau đây thuộc thẩm quyền quyết định của Giám đốc chi nhánh loại I?,"Chi mua tài liệu, sách báo có giá trị 100 triệu đồng/hợp đồng.",Chi thuê dịch vụ vệ sinh có giá trị 400 triệu đồng/hợp đồng.,Chi thuê dịch vụ quản lý tài sản có giá trị 500 triệu đồng/hợp đồng.,Tất cả đáp án trên.,4,Khoản 3 Điều 5 Quy định số 936/QĐ-HĐTV-TCKT ngày 02/8/2024
207,"Theo quy định về phân cấp thẩm quyền quyết định một số khoản chi về dịch vụ thuê ngoài và hoạt động quản lý, công vụ, Giám đốc chi nhánh loại I được phân cấp quyết định chi phí cho Giám đốc chi nhánh loại II phụ thuộc tối đa là bao nhiêu?",Không quá 30% thẩm quyền của Giám đốc chi nhánh loại I.,Không quá 50% thẩm quyền của Giám đốc chi nhánh loại I.,Không quá 70% thẩm quyền của Giám đốc chi nhánh loại I.,Không được phân cấp.,2,Khoản 3 Điều 5 Quy định số 936/QĐ-HĐTV-TCKT ngày 02/8/2024
208,"Theo quy định về phân cấp thẩm quyền quyết định một số khoản chi về dịch vụ thuê ngoài và hoạt động quản lý, công vụ, khoản chi nào sau đây phải thông qua Hội đồng chi phí của chi nhánh loại I trước khi trình Giám đốc chi nhánh loại I quyết định?",Khoản chi có giá trị trên 30% thẩm quyền phê duyệt tối đa của Giám đốc chi nhánh loại I.,Khoản chi có giá trị trên 50% thẩm quyền phê duyệt tối đa của Giám đốc chi nhánh loại I.,Khoản chi có giá trị trên 40% thẩm quyền phê duyệt tối đa của Giám đốc chi nhánh loại I.,Không quy định cụ thể.,2,Khoản 1 Điều 6 Quy định số 936/QĐ-HĐTV-TCKT ngày 02/8/2024
209,Thời gian lưu trữ dữ liệu hình ảnh Camera đối với nghiệp vụ kho quỹ tối thiểu bao nhiêu ngày?,   180 ngày,90 ngày,60 ngày,   30 ngày,1,Mục 2 văn bản số 985/NHNo-TTKQ ngày 24/02/2017 
210,"Việc ghi hình của hệ thống Camera trước cửa kho tiền, hành lang, gian đệm kho tiền, khu vực xung quanh kho tiền phải đảm bảo liên tục trong bao nhiêu giờ?","Liên tục 24/24 giờ, và 7/7 ngày trong tuần.",  Liên tục 12/12 giờ (ban ngày).,Liên tục 12/12 giờ (ban đêm)., Liên tục 8/8 giờ trong giờ hành chính.,1,"Khoản 1, văn bản 985/NHNo-TTKQ ngày 24/02/2017 "
211,"Trường hợp cán bộ đi công tác vào những ngày cuối năm, đơn vị chỉ được thanh toán chậm nhất trong thời gian nào?",Tháng 01 (một) năm sau liền kề,Quý I (một) năm sau liền kề,15 ngày đầu tháng 01 (một) năm sau liền kề,,1,văn bản số 2668/NHNo-TCKT về chi tiêu nội bộ trong hệ thống Agribank 
212,Khi vận chuyển ngoại tệ tiền mặt của Chi nhánh đầu mối (được Tổng Giám đốc ủy quyền mở TK thanh toán biên mậu) tại khu vực biên giới để thực hiện thanh toán biên mậu do ai ký Lệnh điều chuyển kiêm giấy ủy quyền áp tải hàng đặc biệt?,"
Tổng Giám đốc",Chủ tịch Hội đồng thành viên Agribank.,Trưởng ban Kế hoạch chiến lược,Giám đốc Chi nhánh đầu mối,4,Khoản 1 Điều 41 Quy định số 4368/QyĐ-NHNo-TCKT ngày 25/12/2024
213,"Khi vào kho tiền, thành viên nào vào kho tiền đầu tiên?",Giám đốc,Thủ kho tiền,Trưởng phòng/bộ phận kế toán/Tổ trưởng Tổ kế toán ngân quỹ,Kiểm ngân,2,"Khoản 1, Điều 34 Quy định số 4368/QyĐ-NHNo-TCKT ngày 25/12/2024"
214,Khi xảy ra hỏng hóc thì việc sửa chữa thay thế chìa khóa két ATM sẽ do đơn vị nào thực hiện?  ,Trung tâm Thẻ chỉ định,Đơn vị cung cấp máy ATM hoặc đơn vị cung cấp dịch vụ bảo trì ATM theo quy định,Trung tâm CNTT,Giám đốc chỉ định,2,  Khoản 2 Điều 27  Quy định số 4368/QyĐ-NHNo-TCKT ngày 25/12/2024
215,"Không được mang theo vào quầy giao dịch tiền mặt, kho tiền những vật dụng nào sau đây?",Máy in.,Máy tính.,Máy đếm tiền,"Tư trang, túi xách, tiền mặt, tài sản của cá nhân ",4,Khoản 2 Điều 36 Quy định số 4368/QyĐ-NHNo-TCKT ngày 25/12/2024
216,"Kiểm kê tiền mặt, tài sản bảo quản trong kho tiền hàng tháng vào thời gian nào?",Thời điểm 0 giờ ngày 10 hàng tháng (nếu trùng vào ngày nghỉ thì chuyển sang ngày làm việc tiếp theo).,Thời điểm 0 giờ ngày 15 (nếu trùng vào ngày nghỉ thì chuyển sang ngày làm việc tiếp theo).,Thời điểm 0 giờ ngày 01 hàng tháng (nếu trùng vào ngày nghỉ thì chuyển sang ngày làm việc tiếp theo).,Thời điểm 0 giờ ngày 31 hàng tháng (nếu trùng vào ngày nghỉ thì chuyển sang ngày làm việc tiếp theo).,3,Khoản 2 Điều 52 Quy định số 4368/QyĐ-NHNo-TCKT ngày 25/12/2024
217,Kiểm ngân có những trách nhiệm gì?,"Kiểm đếm, tuyển chọn, đóng gói, niêm phong, bốc xếp, vận chuyển tiền mặt, tài sản quý, giấy tờ có giá, ấn chỉ quan trọng đúng quy định.","Thực hiện thu chi tiền mặt, ngoại tệ tiền mặt, giấy tờ có giá, tài sản trong phạm vi nhiệm vụ được giao.","Tổ chức hạch toán tiền mặt, tài sản quý, giấy tờ có giá , tài sản khác theo chế độ kế toán.","Thực hiện việc xuất - nhập tiền mặt, tài sản quý, giấy tờ có giá, tài sản và/hoặc giấy tờ tài sản bảo đảm tiền vay.",1,Khoản 1 Điều 18 Quy định số 4368/QyĐ-NHNo-TCKT ngày 25/12/2024
218,Kiểm ngân không có trách nhiệm nào sau đây?,"Kiểm đếm, tuyển chọn tiền mặt, tài sản quý, giấy tờ có giá, ấn chỉ quan trọng đúng quy định.","Chịu trách nhiệm tài sản đối với tiền mặt, tài sản quý, giấy tờ có giá, ấn chỉ quan trọng trong phạm vi được giao kiểm đếm, tuyển chọn, đóng gói, niêm phong.",Chứng kiến việc khách hàng kiểm đếm số tiền đã nhận của Agribank trong phạm vi nhiệm vụ được giao,"Theo dõi đề xuất lãnh đạo về việc trang bị, sửa chữa, cải tạo nâng cấp kho tiền.",4,Điều 18 Quy định số 4368/QyĐ-NHNo-TCKT ngày 25/12/2024
219,"Kiểm tra toàn diện công tác đảm bảo an toàn kho quỹ và tổng kiểm kê tiền mặt, tài sản mỗi năm được thực hiện mấy lần?",01 lần (0 giờ ngày 01/01).,02 lần (0 giờ ngày 01/01 và 01/07).,"03 lần (0 giờ ngày 01/01; ngày 01 đầu Quý 3,4).",04 lần (0 giờ ngày 01 đầu các Quý). ,2,Khoản 1 Điều 52 Quy định số 4368/QyĐ-NHNo-TCKT ngày 25/12/2024
220,"Kiểm tra, kiểm kê đột xuất tiền mặt, tài sản trong các trường hợp nào sau đây?","Khi thay đổi các thành viên giữ chìa khoá, mã số cửa kho tiền",Khi thay đổi ổ khoá hoặc bị mất chìa khoá cửa kho tiền,Khi phát hiện có nhầm lẫn về tài sản trong khi xuất/nhập kho tiền và thu /chi tiền,Tất cả các đáp án trên,4, Khoản 6 Điều 52 Quy định số 4368/QyĐ-NHNo-TCKT ngày 25/12/2024
221,Lệnh điều chuyển vận chuyển hàng đặc biệt phải nêu rõ nội dung gì?,"Nội dung, thời gian, phương tiện vận chuyển (nếu có), nơi đi, nơi đến.","Số lượng, giá trị tiền mặt, tài sản.",Trách nhiệm của người tham gia thực hiện.,Tất cả các đáp án trên,4,Khoản 5 Điều 41 Quy định số 4368/QyĐ-NHNo-TCKT ngày 25/12/2024
222,Màu mực in giấy niêm phong bó tiền của Agribank là màu nào?,Đỏ.,Xanh lá cây.,Tím.,Xanh Coban.,4,Mục 1 Phần II Phụ lục I Quy định số 4368/QyĐ-NHNo-TCKT ngày 25/12/2024
223,Mỗi ổ khóa cửa kho tiền có mấy chìa khóa,Mỗi ổ khóa phải luôn có đủ và đúng 2 chìa khóa: 1 chìa sử dụng hàng ngày và 1 chìa dự phòng,"Mỗi ổ khóa có 3 chìa khóa, 1 chìa sử dụng hàng ngày và 2 chìa dự phòng",Mỗi ổ khóa chỉ có 1 chìa khóa,Mỗi ổ khóa có 3 chìa khóa: 2 chìa sử dụng hàng ngày và 1 chìa dự phòng,1,"Khoản 1, Điều 24 Quy định số 4368/QyĐ-NHNo-TCKT ngày 25/12/2024"
224,"Một bao tiền giấy gồm bao nhiêu bó tiền cùng mệnh giá, cùng chất liệu?",5,10,15,20,4,Điểm a Mục 3 Phần I Phụ lục I Quy định số 4368/QyĐ-NHNo-TCKT ngày 25/12/2024
225,Một bó tiền cotton được đóng từ bao nhiêu thếp tiền?,05 thếp tiền cotton cùng mệnh giá.,10 thếp tiền cotton cùng mệnh giá.,15 thếp tiền cotton cùng mệnh giá.,20 thếp tiền cotton cùng mệnh giá.,2,Điểm b mục 1 Phần I Phụ lục I Quy định số 4368/QyĐ-NHNo-TCKT ngày 25/12/2024
226,Một thếp tiền polymer gồm bao nhiêu tờ tiền cùng mệnh giá?,50,100,200,500,2,Mục 1 Phần I Phụ lục I Quy định số 4368/QyĐ-NHNo-TCKT ngày 25/12/2024 
227,Một thỏi tiền kim loại gồm bao nhiêu miếng tiền kim loại?,10,20,30,50,4,Điểm a Mục 4 Phần I Phụ lục I Quy định số 4368/QyĐ-NHNo-TCKT ngày 25/12/2024
228,Một thùng tiền kim loại gồm bao nhiêu túi tiền cùng mệnh giá?,10 túi,20 túi,30 túi,50 túi,1,Điểm c mục 4 Phần I Phụ lục I Quy định số 4368/QyĐ-NHNo-TCKT ngày 25/12/2024 
229,Một túi tiền kim loại gồm bao nhiêu miếng tiền kim loại cùng mệnh giá?,Gồm 1.000 (một nghìn).,Gồm 2.000 (hai nghìn).,Gồm 4.000 (bốn nghìn).,Gồm 5.000 (năm nghìn).,1,Điểm b Mục 4 Phần I Phụ lục I Quy định số 4368/QyĐ-NHNo-TCKT ngày 25/12/2024
230,Một túi tiền kim loại gồm bao nhiêu thỏi tiền?,5,10,15,20,4,Điểm b Mục 4 Phần I Phụ lục I Quy định số 4368/QyĐ-NHNo-TCKT ngày 25/12/2024
231,"Hết giờ làm việc, nếu có yêu cầu làm việc ngoài giờ tại trụ sở làm việc kiêm kho tiền, phải có ít nhất mấy người, được Trưởng đơn vị cho phép bằng văn bản và phải thông báo cho bộ phận bảo vệ biết?",02 người.,03 người.,04 người.,05 người.,1, Điều 37  Quy định số 4368/QyĐ-NHNo-TCKT ngày 25/12/2024
232,"Người nào phải chịu trách nhiệm về bó, túi, bao, hộp, thùng tiền đã niêm phong?",Trưởng phòng Kế toán và Ngân quỹ.,"Người có họ tên, chữ ký trên giấy niêm phong.",Thủ quỹ.,Giao dịch viên.,2,Mục 3 Phần II Phụ lục I Quy định số 4368/QyĐ-NHNo-TCKT ngày 25/12/2024
233,Nhiệm vụ gì Giao dịch viên quỹ không được thực hiện?,"Thực hiện nhập/xuất (in/out) tiền mặt, tài sản trên hệ thống IPCAS với Giao dịch viên",Trực tiếp thu/chi tiền mặt với khách hàng,Thực hiện giao dịch với khách hàng,"Cuối ngày làm việc phải thực hiện đối chiếu với Thủ quỹ chính/Thủ quỹ để đảm bảo khớp đúng giữa tiền mặt, tài sản quý, giấy tờ có giá, ấn chỉ quan trọng tồn quỹ thực tế với tồn quỹ trên cân đối, sổ sách",2,Tiết (i) điểm b Khoản 2 Điều 17 Quy định số 4368/QyĐ-NHNo-TCKT ngày 25/12/2024
234,Những người tổ chức và tham gia vận chuyển hàng đặc biệt phải tuyệt đối giữ bí mật các thông tin gì sau đây?,"Thông tin về thời gian, hành trình."," Loại hàng, khối lượng, giá trị","Phương tiện vận chuyển, phương tiện bảo quản tài sản theo quy định bảo vệ bí mật Nhà nước.",Tất cả các đáp án trên,4,Khoản 1 Điều 44 Quy định số 4368/QyĐ-NHNo-TCKT ngày 25/12/2024
235,"Phòng giao dịch không có kho tiền, cuối ngày giao dịch phải nộp tiền mặt, ngoại tệ tiền mặt về Chi nhánh quản lý theo hình thức nào? ","Nộp toàn bộ tồn quỹ thực tế tiền mặt, ngoại tệ tiền mặt","Nộp tiền mặt, ngoại tệ tiền mặt theo hình thức thùng hòm niêm phong","Nộp các bó tiền chẵn bó, số tiền lẻ gửi theo hình thức thùng hòm niêm phong.",Tất cả các đáp án trên,1,Tiết (ii) điểm b Khoản 3 Điều 12 Quy định số 4368/QyĐ-NHNo-TCKT ngày 25/12/2024
236,Phương án bảo vệ trên đường vận chuyển khi phải vận chuyển hàng đặc biệt bằng máy bay đối với chi nhánh có trụ sở đóng tại vùng hải đảo do ai phê duyệt?,Tổng Giám đốc.,Kế toán trưởng.,Giám đốc chi nhánh loại I.,Trưởng Phòng Kế toán và Ngân quỹ.,3,Khoản 3 Điều 43 Quy định số 4368/QyĐ-NHNo-TCKT ngày 25/12/2024
237,"Phương thức giao nhận các loại tiền mới in, đúc giữa đơn vị Agribank với Ngân hàng nhà nước?",Giao nhận theo bó tiền nguyên niêm phong.,Giao nhận theo tờ tiền.,Giao nhận theo thếp tiền nguyên niêm phong.,"Giao nhận theo bao, hộp, thùng nguyên niêm phong của cơ sở in, đúc tiền hoặc của Ngân hàng Nhà nước.",4,"Điểm b, Khoản 1, Điều 8 Quy định số 4368/QyĐ-NHNo-TCKT ngày 25/12/2024"
238,Phương thức giao nhận tiền mặt (tiền giấy) giữa các Chi nhánh loại II do Chi nhánh loại I trực tiếp quản lý?,Giao nhận theo bó (đủ 10 thếp) nguyên niêm phong.,Giao nhận theo túi (đủ 20 thếp) nguyên niêm phong.,Giao nhận theo bao (đủ 30 thếp) nguyên niêm phong.,Giao nhận theo tờ tiền.,1,Điểm a Khoản 2 Điều 8 Quy định số 4368/QyĐ-NHNo-TCKT ngày 25/12/2024 
239,Phương thức giao nhận tiền mặt (tiền giấy) giữa Chi nhánh Agribank với Ngân hàng nhà nước?,Giao nhận theo bó đủ 10 thếp nguyên niêm phong.,Giao nhận theo túi đủ 20 thếp nguyên niêm phong.,Giao nhận theo bao đủ 30 thếp nguyên niêm phong.,Giao nhận theo tờ tiền.,1,Điểm a Khoản 1 Điều 8 Quy định số 4368/QyĐ-NHNo-TCKT ngày 25/12/2024
240,Phương thức giao nhận tiền mặt (tiền giấy) giữa Chi nhánh Agribank với Tổ chức tín dụng khác?,Giao nhận theo bó đủ 10 thếp nguyên niêm phong.,Giao nhận theo túi đủ 20 thếp nguyên niêm phong.,Giao nhận theo bao đủ 30 thếp nguyên niêm phong.,Giao nhận theo tờ tiền.,1,Điểm a Khoản 1 Điều 8 Quy định số 4368/QyĐ-NHNo-TCKT ngày 25/12/2024
